-- MySQL dump 10.13  Distrib 8.0.15, for Win64 (x86_64)
--
-- Host: 127.0.0.1    Database: thanhtamluxury
-- ------------------------------------------------------
-- Server version	8.0.15

create database thanhtamluxury;

use thanhtamluxury;

/*!40101 SET @OLD_CHARACTER_SET_CLIENT=@@CHARACTER_SET_CLIENT */;
/*!40101 SET @OLD_CHARACTER_SET_RESULTS=@@CHARACTER_SET_RESULTS */;
/*!40101 SET @OLD_COLLATION_CONNECTION=@@COLLATION_CONNECTION */;
 SET NAMES utf8 ;
/*!40103 SET @OLD_TIME_ZONE=@@TIME_ZONE */;
/*!40103 SET TIME_ZONE='+00:00' */;
/*!40014 SET @OLD_UNIQUE_CHECKS=@@UNIQUE_CHECKS, UNIQUE_CHECKS=0 */;
/*!40014 SET @OLD_FOREIGN_KEY_CHECKS=@@FOREIGN_KEY_CHECKS, FOREIGN_KEY_CHECKS=0 */;
/*!40101 SET @OLD_SQL_MODE=@@SQL_MODE, SQL_MODE='NO_AUTO_VALUE_ON_ZERO' */;
/*!40111 SET @OLD_SQL_NOTES=@@SQL_NOTES, SQL_NOTES=0 */;

--
-- Table structure for table `account`
--

DROP TABLE IF EXISTS `account`;
/*!40101 SET @saved_cs_client     = @@character_set_client */;
 SET character_set_client = utf8mb4 ;
CREATE TABLE `account` (
  `username` varchar(255) NOT NULL,
  `password` varchar(255) NOT NULL,
  PRIMARY KEY (`username`)
) ENGINE=InnoDB DEFAULT CHARSET=utf8mb4 COLLATE=utf8mb4_0900_ai_ci;
/*!40101 SET character_set_client = @saved_cs_client */;

--
-- Dumping data for table `account`
--

LOCK TABLES `account` WRITE;
/*!40000 ALTER TABLE `account` DISABLE KEYS */;
INSERT INTO `account` VALUES ('admin','admin');
/*!40000 ALTER TABLE `account` ENABLE KEYS */;
UNLOCK TABLES;
/*!40103 SET TIME_ZONE=@OLD_TIME_ZONE */;

/*!40101 SET SQL_MODE=@OLD_SQL_MODE */;
/*!40014 SET FOREIGN_KEY_CHECKS=@OLD_FOREIGN_KEY_CHECKS */;
/*!40014 SET UNIQUE_CHECKS=@OLD_UNIQUE_CHECKS */;
/*!40101 SET CHARACTER_SET_CLIENT=@OLD_CHARACTER_SET_CLIENT */;
/*!40101 SET CHARACTER_SET_RESULTS=@OLD_CHARACTER_SET_RESULTS */;
/*!40101 SET COLLATION_CONNECTION=@OLD_COLLATION_CONNECTION */;
/*!40111 SET SQL_NOTES=@OLD_SQL_NOTES */;

-- Dump completed on 2019-03-21 10:11:16
-- MySQL dump 10.13  Distrib 8.0.15, for Win64 (x86_64)
--
-- Host: 127.0.0.1    Database: thanhtamluxury
-- ------------------------------------------------------
-- Server version	8.0.15

/*!40101 SET @OLD_CHARACTER_SET_CLIENT=@@CHARACTER_SET_CLIENT */;
/*!40101 SET @OLD_CHARACTER_SET_RESULTS=@@CHARACTER_SET_RESULTS */;
/*!40101 SET @OLD_COLLATION_CONNECTION=@@COLLATION_CONNECTION */;
 SET NAMES utf8 ;
/*!40103 SET @OLD_TIME_ZONE=@@TIME_ZONE */;
/*!40103 SET TIME_ZONE='+00:00' */;
/*!40014 SET @OLD_UNIQUE_CHECKS=@@UNIQUE_CHECKS, UNIQUE_CHECKS=0 */;
/*!40014 SET @OLD_FOREIGN_KEY_CHECKS=@@FOREIGN_KEY_CHECKS, FOREIGN_KEY_CHECKS=0 */;
/*!40101 SET @OLD_SQL_MODE=@@SQL_MODE, SQL_MODE='NO_AUTO_VALUE_ON_ZERO' */;
/*!40111 SET @OLD_SQL_NOTES=@@SQL_NOTES, SQL_NOTES=0 */;

--
-- Table structure for table `appointment`
--

DROP TABLE IF EXISTS `appointment`;
/*!40101 SET @saved_cs_client     = @@character_set_client */;
 SET character_set_client = utf8mb4 ;
CREATE TABLE `appointment` (
  `id` int(11) NOT NULL AUTO_INCREMENT,
  `address` varchar(255) CHARACTER SET utf8mb4 COLLATE utf8mb4_0900_ai_ci DEFAULT NULL,
  `email` varchar(255) DEFAULT NULL,
  `name` varchar(255) CHARACTER SET utf8mb4 COLLATE utf8mb4_0900_ai_ci NOT NULL,
  `note` text,
  `phone` varchar(50) NOT NULL,
  `isNew` bit(1) DEFAULT b'1',
  PRIMARY KEY (`id`)
) ENGINE=InnoDB AUTO_INCREMENT=101 DEFAULT CHARSET=utf8mb4 COLLATE=utf8mb4_0900_ai_ci;
/*!40101 SET character_set_client = @saved_cs_client */;

--
-- Dumping data for table `appointment`
--

LOCK TABLES `appointment` WRITE;
/*!40000 ALTER TABLE `appointment` DISABLE KEYS */;
INSERT INTO `appointment` VALUES (1,'6541 Hayden Estates\nDaytonland, NY 70142-7390','rosenbaum.jeromy@example.com','eius','Ipsam dolor dolores eum iure dolores labore maxime. Et in doloribus nihil et perferendis. Possimus labore ipsum et voluptate facilis deserunt dolores nobis. Id qui exercitationem voluptates est.','290-026-7237x171',_binary ''),(2,'17056 Sipes Shoals\nSouth Leonardotown, CA 86183','iwitting@example.net','aut','Deleniti reprehenderit accusamus nisi illum architecto. Illum porro tempore provident aut quis error. Est eos accusamus adipisci amet.','(386)101-9648',_binary ''),(3,'631 Kutch Brook Apt. 636\nLefflerbury, NE 48823','ruecker.shad@example.org','ipsum','Impedit eius quasi neque qui eos. A et accusantium sunt et eos magni harum. Dolor occaecati et illo et nulla. Similique qui itaque reprehenderit eligendi.','(940)746-6131x88157',_binary ''),(4,'2960 Kerluke Forks\nWunschtown, MS 54264-1969','oran.mayer@example.net','aut','Aut ut provident pariatur eligendi qui omnis. Rem et et nostrum similique distinctio in. Sint tempore voluptate fugit quas. Recusandae id vitae ut voluptatum rerum distinctio dignissimos.','(317)967-0365',_binary ''),(5,'255 Yundt Causeway\nLake Sigridview, MT 80638','summer.will@example.net','vero','Pariatur voluptatem laboriosam error molestiae autem et numquam. Deserunt enim beatae pariatur libero labore rerum sapiente. Asperiores consequatur unde fugit deserunt sed unde.','138-783-6010x49750',_binary ''),(6,'0724 Keeling Field Apt. 471\nPort Jonshire, UT 18383','ethelyn.herman@example.com','esse','Id quaerat perspiciatis quasi exercitationem rem maxime odio. Autem dolore voluptatem aut occaecati architecto temporibus debitis molestias. Iste in in cumque provident praesentium ut harum.','(905)659-8906x384',_binary ''),(7,'20435 Weissnat Road Apt. 346\nMarcelinotown, NJ 37129-6911','tillman.nick@example.org','voluptates','Eos officia quidem optio. Est exercitationem dolorem ratione enim ducimus. Fugiat quasi sapiente et odit nulla. Velit accusamus consequatur iure voluptatem ipsa sit omnis.','02034629524',_binary ''),(8,'1224 Michel Loop\nJohnnyton, NE 88821','odenesik@example.net','voluptate','Voluptatem placeat pariatur asperiores soluta atque sint quo. Veniam aut ut nobis et ut soluta nostrum. Modi in eius neque ut cumque. A aliquid molestias et distinctio ut voluptatem. Aut vel non aut neque in.','150-993-3647',_binary ''),(9,'13262 Rhoda Roads\nRitchiestad, IA 38518','eliza62@example.com','magni','Eos dolores in omnis. Veritatis corrupti accusantium vitae quia dolor. Omnis qui magni eos harum est.','019.919.9910x123',_binary ''),(10,'2953 Emard Flat Suite 460\nEast Marc, NV 72362','xdare@example.net','earum','Et doloremque ipsam sit et quam reiciendis adipisci ea. Molestiae vitae omnis quia labore consequatur. Animi qui molestiae voluptas nulla veritatis. Esse aperiam voluptatem voluptatem dicta et veritatis.','466-416-2852x609',_binary ''),(11,'8058 Dare Summit Suite 703\nWest Haileeton, OH 47231','jake88@example.com','dolores','Dolor molestias odit fugiat nulla est sit. Ab molestiae cupiditate exercitationem in itaque. Et tempore deserunt natus dolores.','181-396-0659x84254',_binary ''),(12,'662 Wyman Hills\nWittingmouth, AL 41506','walsh.reggie@example.net','hic','Voluptate fugit est vitae eum dolores officia et. Ut voluptates deserunt quidem dolorem. Et facilis libero aspernatur in. Voluptatibus ut et pariatur laborum autem modi.','06797381532',_binary ''),(13,'017 Kling Gateway Apt. 902\nWest Hazle, WV 92860-2033','khalid.barton@example.com','amet','Placeat et consequatur atque nostrum. Accusantium omnis et omnis sunt provident incidunt in. Eos eos totam magnam ad perspiciatis eius.','(144)944-3973x27281',_binary ''),(14,'67766 Rath Ports Suite 185\nPort Danahaven, MD 97512-2325','amina.lynch@example.org','officia','Eum facilis tenetur provident maxime. Ut non ut provident ut consequuntur rem perspiciatis. Totam officiis occaecati voluptatibus molestiae magni aut.','763.962.3888',_binary ''),(15,'7199 Vallie Mountains Apt. 466\nNew Edna, OK 46664-7358','maud40@example.net','ut','Dolor sint officiis libero. Aliquid ut voluptatibus autem praesentium. Enim quia blanditiis reprehenderit quia. Et sapiente ipsa nihil.','05643486545',_binary ''),(16,'8959 Pacocha Fall\nSwiftton, PA 95216','madeline67@example.net','eum','Magni inventore amet quaerat perspiciatis alias. Et iste non tempora qui. Quia reiciendis nobis aut amet et autem tenetur.','(675)204-3453x532',_binary ''),(17,'79723 Kyle Trafficway Suite 071\nLake Celiachester, NV 78894-7306','beatty.chanelle@example.net','tempore','Et assumenda possimus repellat fugit cupiditate rem voluptatibus earum. Labore voluptas voluptas laborum labore amet voluptatum. Animi modi molestiae ratione esse. Quis eveniet et dicta dolores quo.','09645465587',_binary ''),(18,'475 Altenwerth Harbor\nLewborough, SC 94485-8006','edwardo.johnson@example.net','odio','Iure at quasi nobis provident velit corrupti quis. Reprehenderit dolorem minima repellat. Laudantium non optio et qui perferendis. Eum sint sequi aut quis sed nostrum.','(648)039-9397x7190',_binary ''),(19,'1665 Rosie Port Apt. 617\nDibbertfort, WA 51413','aliya.blanda@example.com','eum','Nam quisquam odit eos odio. Dolores odio sed reiciendis. Atque quo excepturi repellat voluptatem quas.','+44(6)4153306674',_binary ''),(20,'26606 Schiller Streets Suite 794\nNew Claudia, CT 02949-3611','justice.shields@example.org','quisquam','Et velit est et saepe suscipit sed. Sunt recusandae dicta at deleniti cupiditate quaerat. Est expedita est sint aut aperiam deserunt cupiditate.','+10(2)7485569746',_binary ''),(21,'78947 Issac Rue\nMcDermottborough, CA 45728-6916','lavinia36@example.com','beatae','Voluptate vitae autem voluptas aut. Consequuntur corrupti nostrum magni ad. Maiores error reprehenderit sint inventore perspiciatis ut autem. Suscipit eius non aut molestiae repudiandae explicabo consequatur. Voluptatibus rerum assumenda deserunt saepe omnis minus eveniet tenetur.','(502)472-6607x97333',_binary ''),(22,'41692 Candida Dale Suite 504\nNorth Destin, HI 62356-4779','porter.spencer@example.net','a','Dolorum eius aperiam aut veniam aut. Aut assumenda maxime in consequuntur voluptatem sint incidunt occaecati. Rerum velit iste explicabo qui ipsa.','243.840.4463x9329',_binary ''),(23,'9840 Estella Islands\nSouth Nedraport, DE 20771-5058','pmonahan@example.net','voluptatum','Recusandae sequi voluptatibus ducimus aut non est est. Explicabo corporis dolorem qui et ut asperiores rerum. Minima similique doloremque est.','+74(9)4652956563',_binary ''),(24,'261 Langosh Expressway\nAlveramouth, WV 33962-9833','greenfelder.keagan@example.org','eum','Cum autem eos provident. Sit dolorem expedita ut dolor vitae. Et deserunt impedit nam dolorum deserunt blanditiis placeat. Magnam quos aut tenetur voluptas rerum.','948.431.7130',_binary ''),(25,'3964 Marisol Groves\nFeilfort, AR 65571-7696','dfritsch@example.com','magni','Sint perferendis voluptatem similique quis recusandae qui. Velit aliquam reprehenderit voluptatem. Nihil a voluptates aut. Eaque occaecati tenetur sequi non quis vitae vitae.','121-745-2636',_binary ''),(26,'0033 Richmond Lights\nWest Onieburgh, VT 13466','trevion34@example.net','labore','Corporis et maiores error debitis sed necessitatibus asperiores soluta. Eius totam quam explicabo deleniti placeat odit.','202.607.5113x99216',_binary ''),(27,'67711 Paucek Squares\nJadenville, NV 95429','chuel@example.com','est','Perferendis beatae reprehenderit numquam quia. Voluptas reprehenderit fugiat dolore voluptatem atque veniam. Autem laboriosam illum dolores aliquam. Voluptas sint est vel magnam beatae distinctio et. Qui et ut aliquid autem quo aliquam dolorem.','1-815-683-1052',_binary ''),(28,'782 Walter Passage\nArloview, MN 97516','kihn.margie@example.net','iure','Aliquid accusamus autem sit atque ut voluptatem. Quae id cumque est eum. Natus fugit impedit vero repellendus ut et vero laboriosam. Pariatur tenetur vitae qui placeat perferendis. Excepturi minus non repellendus natus non aut vero enim.','09835243398',_binary ''),(29,'1078 Hyatt Valley Apt. 864\nSouth Breana, SD 23966','block.nicola@example.net','voluptatem','Iste voluptatum molestiae sed eum ducimus. Pariatur dolor quia commodi sit adipisci assumenda ad. Est sed dolorem accusantium quasi. Dolor consequatur culpa dolorem quo id rerum sunt ipsa.','834-055-6277',_binary ''),(30,'1251 Smitham Flat\nPort Jerry, NM 31786-5227','meagan.gleason@example.com','fugiat','Eum nemo ut voluptas qui incidunt dolores. Et cum in corporis perferendis labore earum. Laboriosam sed est molestiae doloremque qui.','227.530.1885x9506',_binary ''),(31,'1884 Leta Meadows Apt. 920\nMurazikside, FL 59971-4909','jarod18@example.com','sit','Ut itaque dolore natus sequi iste reprehenderit quia. Aliquam harum illo voluptas et distinctio rem corrupti unde. Aspernatur unde autem veniam voluptas quia. Facilis voluptate est recusandae consectetur accusamus. Maxime aut ipsum sit quo accusantium.','098-179-1744x0603',_binary ''),(32,'2207 Edward Field Apt. 635\nPort Carmelborough, MA 05841','rosemary.dietrich@example.net','voluptas','Iusto dolor eveniet voluptas odit aut optio. Totam voluptas sed voluptatem eum voluptatem. Voluptas quia recusandae esse.','1-790-710-1866x278',_binary ''),(33,'20813 Wiegand Camp\nLake Cesar, WV 26753-1834','gdickens@example.com','amet','Temporibus aut unde expedita et cupiditate sed voluptatibus. Autem labore blanditiis odit ad et iure ut. Ipsum eaque eaque repellat in non. Sed facere voluptate officiis id harum.','504.964.9944',_binary ''),(34,'476 Danika Manors Suite 536\nPort Brian, ME 29373','lonie.considine@example.net','ut','Aut officiis minima omnis dolorem et dicta. Eligendi ad fugiat veniam. Culpa adipisci unde quia et ut nobis nam. Quasi ipsum deleniti eveniet in quod animi ea non.','03354287790',_binary ''),(35,'514 Effertz Hills\nAdamsfurt, AL 35904-9862','oscar.powlowski@example.net','cupiditate','Reprehenderit voluptas explicabo velit beatae fuga. Repudiandae hic temporibus fugit nam minima. Eos pariatur adipisci doloremque consequuntur aliquid. Cum ipsum nihil dolorem dicta aut.','01596282263',_binary ''),(36,'0049 Sigurd Lodge\nHirthemouth, NY 96346','rafaela.emard@example.org','qui','Quis odit tempora aliquid quo. Dignissimos fugit non in velit deserunt aut. Omnis dolor fugiat voluptatem deleniti ut sed. Illum quo non dolorem aut vel.','(930)747-4497x0883',_binary ''),(37,'78204 Kub Road\nWest Titus, MA 17455','vaughn32@example.org','asperiores','Et tempora doloribus et quae est a. Omnis animi voluptatum amet consequatur totam. Et accusamus id nisi dolor deserunt recusandae. Aut fuga exercitationem blanditiis laboriosam aut quas.','1-700-376-5170x053',_binary ''),(38,'6573 Newton Coves\nLake Hershelland, NY 50860','gtremblay@example.net','rerum','Reprehenderit est reprehenderit quia aliquam praesentium. Veniam qui sint impedit laborum dolorum dolorem repudiandae. Qui distinctio ut id dolore. Molestiae sed illum doloribus quibusdam totam. Aspernatur sunt id dolore nam.','(817)232-0486x346',_binary ''),(39,'675 Reuben Extension\nJannieside, NH 40505-8895','lonny30@example.org','veniam','Exercitationem sit sapiente magni porro sapiente est earum neque. Reprehenderit ab dolores quam. Ipsam earum quia modi vel sint exercitationem.','07709925884',_binary ''),(40,'119 Nellie Flats Suite 580\nBeerland, WI 22775-6493','pgrady@example.org','ut','Doloremque quos consequatur eaque rerum repellat. Labore itaque ut delectus at ad voluptate voluptas. Pariatur est nemo voluptatum cum possimus sed ea. Amet est aperiam non et est aut atque.','(389)042-5272x919',_binary ''),(41,'861 Fatima Land Suite 833\nNorth Alia, ME 65196','kub.devan@example.net','eius','Mollitia labore ut repellendus deserunt animi distinctio cum. Saepe qui doloribus impedit. Exercitationem error rem aliquam ullam sit excepturi praesentium voluptatem.','+75(9)1184256612',_binary ''),(42,'91561 Rashad Manor\nMarleyborough, OH 05256-2221','ymayert@example.net','qui','Amet reiciendis culpa quisquam molestiae consectetur ut minus placeat. Sit tenetur optio nobis consequuntur. Soluta nihil omnis qui qui rerum aut et.','+96(0)6262682099',_binary ''),(43,'7026 Cruickshank Squares\nNew Laurencechester, AK 10493','lkuhic@example.net','ut','Praesentium incidunt optio fuga perspiciatis rerum sint aspernatur aut. Consequatur ab dolor alias dolor perspiciatis. Et autem et et quo.','1-643-387-6346x35757',_binary ''),(44,'68604 Audreanne Plain Suite 322\nNorth Veda, VT 00033-9267','roob.garnet@example.org','sint','Dolor illo velit commodi officiis rerum perferendis delectus. Voluptas odio consequatur doloribus odio aut fugiat quo. Beatae non incidunt ab et atque voluptatem iusto.','116.412.3036',_binary ''),(45,'3993 Auer Court\nGerholdborough, KY 81876','devin.kuhn@example.net','id','Sapiente et ratione quia molestiae qui nobis qui. Temporibus impedit molestiae illo. Aut id doloremque similique tempore.','379.676.7649',_binary ''),(46,'4601 Lehner Trafficway\nPort Cathrineburgh, NE 31525-1210','alvena53@example.org','officia','Architecto natus ex soluta excepturi quidem et. Dolorem dolores nesciunt dolorem distinctio distinctio. Expedita dicta nesciunt corporis distinctio impedit iste maiores aut.','083-358-8941',_binary ''),(47,'11011 Deron Path\nLutherport, MS 05267','shawn.bradtke@example.net','vel','Consectetur eum ad optio. Eius omnis aut voluptatum dolorum similique. Iste odit veniam libero et. Magnam aliquam nisi illum sint quidem officiis earum a.','480-269-9799x158',_binary ''),(48,'51932 Rippin Views Suite 720\nAaliyahchester, AL 92092','kattie.rutherford@example.net','atque','Perspiciatis assumenda ad soluta quis vitae. Minima ut enim sed laudantium consequatur impedit.','(151)469-2392',_binary ''),(49,'64137 Wolff Key Apt. 667\nMadelinemouth, TN 81096-2613','lowell.kris@example.com','odit','Autem et quaerat pariatur quo aspernatur maiores. Dicta natus quo dolorem sapiente consequuntur quas. Sit est sed voluptas sint qui placeat quia. Nihil nostrum et iusto ipsam voluptates aut qui.','(217)379-5896',_binary ''),(50,'53786 Rutherford Shores Apt. 181\nWest Jailynport, UT 13052-8997','qauer@example.net','sed','Ab velit sunt omnis in. Aut nostrum ea dolorem assumenda ullam sapiente ratione. Debitis quia ex perferendis ut dolorem et.','(539)127-8741',_binary ''),(51,'426 Doyle Ville\nSouth Amberhaven, HI 23456','mraz.eleonore@example.org','eos','Nisi eligendi animi aut rerum dolorum ipsam aliquid. Ullam voluptatem quam quia ipsam est reprehenderit.','09869644966',_binary ''),(52,'0171 Myron Motorway Apt. 524\nOmariport, MA 47311-5547','sister.streich@example.net','minima','Impedit sint cumque magnam cum dolorem deleniti. Sed quia quibusdam suscipit saepe impedit. Harum quidem at eligendi sunt dolor magnam delectus inventore. Temporibus autem dignissimos neque voluptate. Nostrum sit officia expedita praesentium voluptatum.','470.464.3622x93781',_binary ''),(53,'2915 Boyer Isle Suite 180\nNew Hattie, NV 24587-4126','mabbott@example.com','et','Alias nisi dignissimos esse est quae. Et quo numquam maxime voluptas quam molestiae.','(757)777-1864',_binary ''),(54,'2642 Jenkins Unions\nHyatttown, RI 18448-5051','alayna.wunsch@example.com','vero','Expedita cumque dolores quis ex. Sunt non optio nihil tenetur aspernatur est voluptate. Ea consequatur recusandae dolor eum. Quidem sequi dicta quas animi nemo sequi est harum.','1-252-649-4990x57879',_binary ''),(55,'35385 Metz Motorway\nDoylemouth, RI 62577-2839','percy.hintz@example.net','ad','Sed sunt eaque dicta aut. Reiciendis sapiente nam dolores rerum rerum facere et. Consequuntur corporis numquam in non. Odit repellendus qui omnis vero sed laudantium deleniti consequatur.','+78(5)4562871697',_binary ''),(56,'88353 Miller Springs\nWest Lindashire, IL 82909','schultz.ursula@example.org','quis','Ut et corrupti dicta. Ea neque veniam earum perferendis aut tempora. Reiciendis quo eos quo aliquid. Consectetur error consequatur beatae ex. Eum est ratione commodi sunt sint quaerat placeat eos.','1-603-029-9357',_binary ''),(57,'16567 Jackeline Orchard Suite 350\nNorth Eladio, MO 62599','anderson.pietro@example.com','repellendus','Ullam esse ut voluptatum tempore esse. Hic eos aut esse voluptatem qui omnis qui.','1-943-252-2856x4762',_binary ''),(58,'565 Mittie Hollow\nWebermouth, PA 01941-4615','walker.stamm@example.net','aut','Voluptatem qui sunt quam quo eaque autem quo. Expedita id sunt rerum est in et veritatis. Tempore minima ipsa laboriosam ea qui. Quia dolores voluptatem enim nulla.','245.969.0495x660',_binary ''),(59,'8808 Considine Canyon Apt. 466\nJohnsonfort, NE 08755-7057','pmarvin@example.net','at','Est explicabo et pariatur. Et et fugit porro tenetur nihil corrupti veniam. Tempora ut eius aut natus.','(689)472-3651x1866',_binary ''),(60,'52941 Garett Crossroad\nNorth Sarinaton, NM 96182','vincenza.smith@example.net','sequi','Eveniet libero labore officia facilis perferendis sed. Dolore dolorem quasi consectetur magni saepe nemo est eos. Qui autem qui itaque officiis numquam est et. Omnis ut cumque sint voluptate facere animi fuga. Officiis cumque qui rerum architecto.','(963)872-7273',_binary ''),(61,'2525 Wisoky Tunnel\nRicefurt, DE 25148-2228','lpredovic@example.com','est','Praesentium iste est saepe in quia eum. Non dolores dolorem est inventore assumenda. Eligendi similique minima reprehenderit quia accusantium omnis.','816.392.8868x92628',_binary ''),(62,'54311 Reynolds Run\nJacobsonfort, NY 71368','tremaine.baumbach@example.com','et','Suscipit illum incidunt laborum voluptatum rerum maiores. Maxime qui cum rem aut consequuntur. Est iste dolore et temporibus molestiae vitae adipisci.','(845)446-8567',_binary ''),(63,'4612 Emard Village\nLake Alexandra, FL 87913','sflatley@example.net','animi','Cupiditate a autem et enim aut omnis est. Ut quia enim sint est. Alias et aliquid est error quidem. Sit ea labore molestiae repellat praesentium commodi.','849.090.3917',_binary ''),(64,'322 Tierra Fork\nCaroletown, OH 46251','wolff.favian@example.com','possimus','Animi et a nostrum ut nulla. Sapiente deleniti earum nesciunt adipisci ullam ex ratione maiores. Deserunt et autem vel.','295.728.2786',_binary ''),(65,'624 Howell Unions\nEast Bonnie, IL 61446-6914','belle92@example.com','illo','Quod doloremque quibusdam vero. Minus minus iste minima eos libero recusandae. Saepe expedita eum quo aut quia sed. Rem magnam aut iste delectus voluptates. Commodi vel voluptas earum soluta quod.','283.355.4759x4905',_binary ''),(66,'806 Georgianna Hills Suite 452\nWest Rossieton, MA 99332-6225','dkilback@example.com','error','Ea est ut illo voluptate quidem. Et quod est debitis velit. Blanditiis earum et hic quia nobis reiciendis vel.','084-767-1558',_binary ''),(67,'76378 Goldner Drive Apt. 135\nRunolfsdottirchester, CO 75224','bailey.berta@example.net','dignissimos','Et et cumque aspernatur illum hic ea. Et ea aperiam voluptas natus. Est non eligendi non sit sint at molestiae. Sed et quo soluta et.','02614269004',_binary ''),(68,'568 Thiel Causeway\nYasmineborough, NC 31854-0425','bwuckert@example.net','magnam','Id minus voluptatem expedita et harum. Aperiam sed dolore est dolor ipsum. Sit qui harum praesentium deleniti ut est iste. Error magni quae explicabo. Temporibus quod vel ab qui.','1-501-083-7697',_binary ''),(69,'343 Judy Fields Apt. 474\nWest Esther, MD 68550-6511','barrows.keira@example.net','iste','Perferendis ea eveniet dolorum a ut qui facilis. Est ut eveniet nihil consequuntur. Inventore ratione est sapiente ut aut iure aliquam. Eum dolorum corrupti sed a ea possimus.','1-424-098-7103x93448',_binary ''),(70,'758 Hoppe Run\nNorth Ezraville, PA 63274-9714','bethel13@example.net','et','Illo repellendus aperiam possimus ad consequatur est. Consequatur enim alias et. Quidem perspiciatis quae cumque ipsum aspernatur.','1-060-741-4593x98865',_binary ''),(71,'758 Mitchell Drive\nWest Eleanoretown, AL 68451-2500','streich.emiliano@example.org','voluptatem','Voluptatum odit sapiente maxime molestiae nam molestiae consequatur. Commodi suscipit illum beatae quo laudantium doloribus. Illo ea aut minima in facere aut. Ut quisquam molestias et.','759-706-1297x73874',_binary ''),(72,'46732 Jeremy Burgs Apt. 107\nPort Gerson, NH 85328','nathanial.sanford@example.org','sed','Et rerum porro ducimus minima. Eveniet et ut expedita velit error.','096.059.2355x04147',_binary ''),(73,'6069 Myron Valleys Apt. 590\nPort Josueside, AL 84434-9013','petra.beier@example.com','eum','Doloremque occaecati quae cupiditate neque delectus voluptatem. Nihil minima quod incidunt exercitationem ea enim error. Unde eligendi quo sunt ex neque possimus unde. Et adipisci non ea mollitia in ipsum alias nam.','198-724-6604',_binary ''),(74,'058 Antonio Extension Suite 834\nVirginiefurt, TN 65270','aklein@example.net','voluptatem','Cumque sint labore laboriosam inventore laboriosam nobis voluptas. Earum qui magni corrupti. Suscipit dolores eum eius ut et.','02563256489',_binary ''),(75,'400 Cleora Mount Suite 107\nRomagueraview, NV 71321-1849','kattie.gutkowski@example.net','odio','Et ut aliquid quo aut. Maiores ex sunt enim autem omnis omnis necessitatibus. Ea atque voluptate quasi quis odit exercitationem quo.','+51(6)2839179636',_binary ''),(76,'6619 Reinger Spur\nDorcashaven, WY 82129','maia.green@example.net','ducimus','Dignissimos excepturi similique alias molestiae laudantium odio eligendi. Et natus nobis temporibus nemo impedit nesciunt. Repellat nulla omnis non rerum ut ut.','945-985-5955',_binary ''),(77,'058 Grimes Ramp\nMullermouth, DE 60026-3907','mcclure.vida@example.net','eligendi','Aspernatur sed omnis accusantium similique. Quia voluptate quod aut quia recusandae. Sunt incidunt at omnis rerum amet non.','1-871-103-3327x1184',_binary ''),(78,'2251 Smith Via Apt. 612\nNorth Websterbury, LA 61622','alexandria.murazik@example.com','aut','Eveniet et quasi dignissimos omnis omnis est. Eligendi quam qui non placeat est nihil corrupti similique. Totam ad quae iure quas explicabo. Eaque quasi voluptatem sed debitis soluta omnis. Quia id totam eum et molestiae.','08504552648',_binary ''),(79,'130 Emilio Mountain Suite 440\nWest Rogers, CO 76064-3104','owen.quitzon@example.net','ut','Veritatis molestiae maxime harum atque non. Aut quas quidem reiciendis in vitae ad eius. Laudantium dolor nisi laudantium porro.','320.215.9027',_binary ''),(80,'383 Trantow Route\nPort Rodrickville, IA 53108','thurman01@example.net','aut','Enim ad quam pariatur. Quibusdam inventore eum nemo vero est et maiores. Non est rerum delectus dignissimos.','(012)968-7792',_binary ''),(81,'004 Estella Route\nKaileymouth, MT 76796','deon.lehner@example.com','occaecati','Commodi laborum culpa excepturi et. Qui ut ratione officia officia. Deleniti unde neque consequatur at veritatis qui quasi.','075-408-8890',_binary ''),(82,'484 Travis Flat Apt. 356\nPort Keithburgh, SC 12694','mschaefer@example.com','eius','Reiciendis natus velit aliquam deleniti fugiat. A aliquid ea in aut sed voluptate error sunt. Unde expedita dolore dolores officiis est perferendis repudiandae. Quia laboriosam et qui architecto.','193-337-8487',_binary ''),(83,'84621 Gerlach Isle Suite 893\nMelanychester, VT 80937-2631','hgaylord@example.net','qui','Necessitatibus aut sed ut voluptate. Quia sit enim in debitis saepe fuga quam. Reprehenderit cumque voluptas vel ut reprehenderit.','(494)046-0578',_binary ''),(84,'75846 Stark Springs Suite 347\nNew Americoport, CA 59479-1069','prohaska.irma@example.com','rem','Labore doloremque consectetur et voluptatem. Nisi omnis quisquam et libero cupiditate cum. Explicabo illo vero ut cupiditate necessitatibus enim. Consectetur repellendus tempora quia ipsum omnis assumenda. Totam aut voluptas explicabo quaerat officiis architecto.','802.712.2130',_binary ''),(85,'5039 Dare Bypass Suite 510\nNew Danialmouth, IA 11591','ksipes@example.org','reprehenderit','Corporis suscipit sapiente iure vel consequatur cupiditate ullam. Error ex deserunt doloremque incidunt iste quod voluptatibus sunt. Ut quia facilis ipsum harum repellat et dignissimos. Molestias ut laboriosam omnis repellendus alias error. Quibusdam asperiores eius reprehenderit in accusamus et.','04768578715',_binary ''),(86,'5146 Yost Knoll Suite 665\nSouth Lelaside, NY 29705','isteuber@example.org','aliquid','Ut officiis consequatur dolor aut molestiae porro aliquid. Aut cumque ullam excepturi ipsam doloribus. Aut explicabo aspernatur sed consequuntur.','1-948-702-3070x45391',_binary ''),(87,'83987 Mayra Port\nSouth Ozellaland, MO 78971','greenholt.florian@example.org','repellendus','Ad fuga ut ut nam adipisci. Vero hic ut cumque hic non est incidunt. Architecto numquam ut fugiat perferendis amet odit temporibus. Suscipit et reprehenderit consequatur voluptate.','1-042-022-1555',_binary ''),(88,'86457 Lysanne Plaza\nNorth Julia, NM 75304','marian21@example.org','quae','Harum quos qui officia rerum facilis neque. Exercitationem quos corporis eligendi ipsum non laudantium ad suscipit. Commodi error tempore consectetur optio.','(283)286-2558',_binary ''),(89,'315 Yasmine Mountains Apt. 292\nWest Donnell, IL 57058-0628','rmarvin@example.com','expedita','Eaque dolores nisi omnis aspernatur. Soluta rerum rerum ad. Quos deleniti tempore blanditiis perferendis voluptas doloribus natus aliquam.','1-985-328-5631x3790',_binary ''),(90,'7286 Smith Spurs\nEast Kurtton, NC 57242','larry57@example.org','voluptatem','Qui voluptas qui qui deserunt corrupti. Modi illum impedit sint quo. Est praesentium quisquam doloremque sint est est cum ut.','1-647-934-9780x56248',_binary ''),(91,'060 Jaquelin Forks\nPort Lonnychester, MN 22888','prosacco.clemmie@example.com','ex','Laborum non autem corporis quos expedita. Doloribus necessitatibus sit cupiditate illo repudiandae ut eum. Nulla consequatur voluptas id odio voluptates aut atque. Tempora beatae in delectus ex.','415-388-3961',_binary ''),(92,'497 Schulist Stravenue Suite 671\nFaheyside, HI 23181','mgaylord@example.com','totam','Sit officiis debitis similique ab molestias porro. Laudantium pariatur est eos quia neque inventore omnis. Animi animi exercitationem et quas consequatur nihil voluptatem.','1-449-066-4625x011',_binary ''),(93,'32528 Ritchie Skyway\nPort Carmela, PA 50688','alene14@example.com','architecto','Ut nihil amet ut. Placeat adipisci similique iste nesciunt ut. Blanditiis sint officiis ipsam hic cumque quia.','1-559-310-9322x8093',_binary ''),(94,'66404 Senger Plains Suite 962\nNorth Veronicastad, TX 44359-4889','bmertz@example.net','omnis','Laboriosam et rem eveniet. Omnis distinctio magni ut dolore assumenda.','+57(1)0532776639',_binary ''),(95,'9524 Maximilian Ways\nNew Itzelberg, WY 80552','hilll.clement@example.com','temporibus','Occaecati et illo impedit voluptas qui. Repudiandae amet enim nihil sit aut. Molestiae repudiandae ut sit aut recusandae. Voluptatum at aspernatur voluptas quas vitae dolore eos.','+47(2)3001428163',_binary ''),(96,'42529 Hoeger Bridge\nLakinport, OH 07165-2056','bartell.maxine@example.org','sint','Optio voluptatibus neque cumque nisi et. Dolor nam itaque explicabo dolores et qui quos. Dolor sunt qui illo et et fugit.','1-181-785-8619x5246',_binary ''),(97,'0652 Jackeline Crescent\nKrysteltown, IN 16365-7852','tillman.frankie@example.net','odit','Illo repellat nisi et. Et aut nulla vel fugit est sed laudantium. Vel nulla quam dolorum earum iusto placeat.','966-512-6010x89790',_binary ''),(98,'348 Thompson Inlet Apt. 995\nNorth Katharina, TN 62059-0287','betty46@example.net','et','Rerum illo et necessitatibus nihil nostrum. Praesentium sint quo quisquam dicta id officia expedita. Eveniet qui quam voluptates quam dolore adipisci.','(304)617-4749',_binary ''),(99,'491 Caitlyn Forge\nWest Lia, MI 15833','eschumm@example.net','sit','Eligendi sequi in nemo ut voluptas odit omnis. Dolorum cumque ipsam ab maxime nesciunt delectus quasi. Quod pariatur tenetur quo iste animi sapiente corporis. Omnis ipsum numquam unde rerum eos est. Aut eveniet laboriosam dolore soluta voluptatem fugiat ullam.','02547691915',_binary ''),(100,'86090 Heaney Ports Suite 990\nWest Citlalli, TX 49690','goyette.justice@example.com','expedita','Est qui velit neque itaque. Et dolor dolores voluptatem saepe officia. Soluta et quo non tempora quos nostrum eveniet. Soluta in autem dolores sit assumenda.','1-074-184-9743x52919',_binary '');
/*!40000 ALTER TABLE `appointment` ENABLE KEYS */;
UNLOCK TABLES;
/*!40103 SET TIME_ZONE=@OLD_TIME_ZONE */;

/*!40101 SET SQL_MODE=@OLD_SQL_MODE */;
/*!40014 SET FOREIGN_KEY_CHECKS=@OLD_FOREIGN_KEY_CHECKS */;
/*!40014 SET UNIQUE_CHECKS=@OLD_UNIQUE_CHECKS */;
/*!40101 SET CHARACTER_SET_CLIENT=@OLD_CHARACTER_SET_CLIENT */;
/*!40101 SET CHARACTER_SET_RESULTS=@OLD_CHARACTER_SET_RESULTS */;
/*!40101 SET COLLATION_CONNECTION=@OLD_COLLATION_CONNECTION */;
/*!40111 SET SQL_NOTES=@OLD_SQL_NOTES */;

-- Dump completed on 2019-03-21 10:11:17
-- MySQL dump 10.13  Distrib 8.0.15, for Win64 (x86_64)
--
-- Host: 127.0.0.1    Database: thanhtamluxury
-- ------------------------------------------------------
-- Server version	8.0.15

/*!40101 SET @OLD_CHARACTER_SET_CLIENT=@@CHARACTER_SET_CLIENT */;
/*!40101 SET @OLD_CHARACTER_SET_RESULTS=@@CHARACTER_SET_RESULTS */;
/*!40101 SET @OLD_COLLATION_CONNECTION=@@COLLATION_CONNECTION */;
 SET NAMES utf8 ;
/*!40103 SET @OLD_TIME_ZONE=@@TIME_ZONE */;
/*!40103 SET TIME_ZONE='+00:00' */;
/*!40014 SET @OLD_UNIQUE_CHECKS=@@UNIQUE_CHECKS, UNIQUE_CHECKS=0 */;
/*!40014 SET @OLD_FOREIGN_KEY_CHECKS=@@FOREIGN_KEY_CHECKS, FOREIGN_KEY_CHECKS=0 */;
/*!40101 SET @OLD_SQL_MODE=@@SQL_MODE, SQL_MODE='NO_AUTO_VALUE_ON_ZERO' */;
/*!40111 SET @OLD_SQL_NOTES=@@SQL_NOTES, SQL_NOTES=0 */;

--
-- Table structure for table `banner`
--

DROP TABLE IF EXISTS `banner`;
/*!40101 SET @saved_cs_client     = @@character_set_client */;
 SET character_set_client = utf8mb4 ;
CREATE TABLE `banner` (
  `id` int(11) NOT NULL AUTO_INCREMENT,
  `path` varchar(255) DEFAULT NULL,
  PRIMARY KEY (`id`)
) ENGINE=InnoDB AUTO_INCREMENT=4 DEFAULT CHARSET=utf8mb4 COLLATE=utf8mb4_0900_ai_ci;
/*!40101 SET character_set_client = @saved_cs_client */;

--
-- Dumping data for table `banner`
--

LOCK TABLES `banner` WRITE;
/*!40000 ALTER TABLE `banner` DISABLE KEYS */;
INSERT INTO `banner` VALUES (1,'http://lorempixel.com/640/480/'),(2,'http://lorempixel.com/640/480/'),(3,'http://lorempixel.com/640/480/');
/*!40000 ALTER TABLE `banner` ENABLE KEYS */;
UNLOCK TABLES;
/*!40103 SET TIME_ZONE=@OLD_TIME_ZONE */;

/*!40101 SET SQL_MODE=@OLD_SQL_MODE */;
/*!40014 SET FOREIGN_KEY_CHECKS=@OLD_FOREIGN_KEY_CHECKS */;
/*!40014 SET UNIQUE_CHECKS=@OLD_UNIQUE_CHECKS */;
/*!40101 SET CHARACTER_SET_CLIENT=@OLD_CHARACTER_SET_CLIENT */;
/*!40101 SET CHARACTER_SET_RESULTS=@OLD_CHARACTER_SET_RESULTS */;
/*!40101 SET COLLATION_CONNECTION=@OLD_COLLATION_CONNECTION */;
/*!40111 SET SQL_NOTES=@OLD_SQL_NOTES */;

-- Dump completed on 2019-03-21 10:11:20
-- MySQL dump 10.13  Distrib 8.0.15, for Win64 (x86_64)
--
-- Host: 127.0.0.1    Database: thanhtamluxury
-- ------------------------------------------------------
-- Server version	8.0.15

/*!40101 SET @OLD_CHARACTER_SET_CLIENT=@@CHARACTER_SET_CLIENT */;
/*!40101 SET @OLD_CHARACTER_SET_RESULTS=@@CHARACTER_SET_RESULTS */;
/*!40101 SET @OLD_COLLATION_CONNECTION=@@COLLATION_CONNECTION */;
 SET NAMES utf8 ;
/*!40103 SET @OLD_TIME_ZONE=@@TIME_ZONE */;
/*!40103 SET TIME_ZONE='+00:00' */;
/*!40014 SET @OLD_UNIQUE_CHECKS=@@UNIQUE_CHECKS, UNIQUE_CHECKS=0 */;
/*!40014 SET @OLD_FOREIGN_KEY_CHECKS=@@FOREIGN_KEY_CHECKS, FOREIGN_KEY_CHECKS=0 */;
/*!40101 SET @OLD_SQL_MODE=@@SQL_MODE, SQL_MODE='NO_AUTO_VALUE_ON_ZERO' */;
/*!40111 SET @OLD_SQL_NOTES=@@SQL_NOTES, SQL_NOTES=0 */;

--
-- Table structure for table `header`
--

DROP TABLE IF EXISTS `header`;
/*!40101 SET @saved_cs_client     = @@character_set_client */;
 SET character_set_client = utf8mb4 ;
CREATE TABLE `header` (
  `id` int(11) NOT NULL AUTO_INCREMENT,
  `name` varchar(50) CHARACTER SET utf8mb4 COLLATE utf8mb4_0900_ai_ci DEFAULT NULL,
  `to` varchar(50) DEFAULT NULL,
  `exact` bit(1) DEFAULT b'1',
  PRIMARY KEY (`id`),
  UNIQUE KEY `name` (`name`)
) ENGINE=InnoDB AUTO_INCREMENT=6 DEFAULT CHARSET=utf8mb4 COLLATE=utf8mb4_0900_ai_ci;
/*!40101 SET character_set_client = @saved_cs_client */;

--
-- Dumping data for table `header`
--

LOCK TABLES `header` WRITE;
/*!40000 ALTER TABLE `header` DISABLE KEYS */;
INSERT INTO `header` VALUES (1,'Trang chu','/trangchu',_binary ''),(2,'Albums','/albums',_binary ''),(3,'Áo cưới','/ao-cuoi',_binary ''),(4,'Videos','/videos',_binary ''),(5,'Bảng giá','#',_binary '');
/*!40000 ALTER TABLE `header` ENABLE KEYS */;
UNLOCK TABLES;
/*!40103 SET TIME_ZONE=@OLD_TIME_ZONE */;

/*!40101 SET SQL_MODE=@OLD_SQL_MODE */;
/*!40014 SET FOREIGN_KEY_CHECKS=@OLD_FOREIGN_KEY_CHECKS */;
/*!40014 SET UNIQUE_CHECKS=@OLD_UNIQUE_CHECKS */;
/*!40101 SET CHARACTER_SET_CLIENT=@OLD_CHARACTER_SET_CLIENT */;
/*!40101 SET CHARACTER_SET_RESULTS=@OLD_CHARACTER_SET_RESULTS */;
/*!40101 SET COLLATION_CONNECTION=@OLD_COLLATION_CONNECTION */;
/*!40111 SET SQL_NOTES=@OLD_SQL_NOTES */;

-- Dump completed on 2019-03-21 10:11:18
-- MySQL dump 10.13  Distrib 8.0.15, for Win64 (x86_64)
--
-- Host: 127.0.0.1    Database: thanhtamluxury
-- ------------------------------------------------------
-- Server version	8.0.15

/*!40101 SET @OLD_CHARACTER_SET_CLIENT=@@CHARACTER_SET_CLIENT */;
/*!40101 SET @OLD_CHARACTER_SET_RESULTS=@@CHARACTER_SET_RESULTS */;
/*!40101 SET @OLD_COLLATION_CONNECTION=@@COLLATION_CONNECTION */;
 SET NAMES utf8 ;
/*!40103 SET @OLD_TIME_ZONE=@@TIME_ZONE */;
/*!40103 SET TIME_ZONE='+00:00' */;
/*!40014 SET @OLD_UNIQUE_CHECKS=@@UNIQUE_CHECKS, UNIQUE_CHECKS=0 */;
/*!40014 SET @OLD_FOREIGN_KEY_CHECKS=@@FOREIGN_KEY_CHECKS, FOREIGN_KEY_CHECKS=0 */;
/*!40101 SET @OLD_SQL_MODE=@@SQL_MODE, SQL_MODE='NO_AUTO_VALUE_ON_ZERO' */;
/*!40111 SET @OLD_SQL_NOTES=@@SQL_NOTES, SQL_NOTES=0 */;

--
-- Table structure for table `imageitem`
--

DROP TABLE IF EXISTS `imageitem`;
/*!40101 SET @saved_cs_client     = @@character_set_client */;
 SET character_set_client = utf8mb4 ;
CREATE TABLE `imageitem` (
  `id` int(11) NOT NULL AUTO_INCREMENT,
  `path` varchar(255) DEFAULT NULL,
  `serviceItemId` int(11) DEFAULT NULL,
  PRIMARY KEY (`id`),
  KEY `serviceItemId` (`serviceItemId`),
  CONSTRAINT `imageitem_ibfk_1` FOREIGN KEY (`serviceItemId`) REFERENCES `serviceitem` (`id`)
) ENGINE=InnoDB AUTO_INCREMENT=101 DEFAULT CHARSET=utf8mb4 COLLATE=utf8mb4_0900_ai_ci;
/*!40101 SET character_set_client = @saved_cs_client */;

--
-- Dumping data for table `imageitem`
--

LOCK TABLES `imageitem` WRITE;
/*!40000 ALTER TABLE `imageitem` DISABLE KEYS */;
INSERT INTO `imageitem` VALUES (1,'http://lorempixel.com/600/400/nature/',25),(2,'http://lorempixel.com/600/400/nature/',85),(3,'http://lorempixel.com/600/400/nature/',48),(4,'http://lorempixel.com/600/400/nature/',85),(5,'http://lorempixel.com/600/400/nature/',96),(6,'http://lorempixel.com/600/400/nature/',75),(7,'http://lorempixel.com/600/400/nature/',61),(8,'http://lorempixel.com/600/400/nature/',73),(9,'http://lorempixel.com/600/400/nature/',52),(10,'http://lorempixel.com/600/400/nature/',29),(11,'http://lorempixel.com/600/400/nature/',91),(12,'http://lorempixel.com/600/400/nature/',45),(13,'http://lorempixel.com/600/400/nature/',28),(14,'http://lorempixel.com/600/400/nature/',67),(15,'http://lorempixel.com/600/400/nature/',9),(16,'http://lorempixel.com/600/400/nature/',11),(17,'http://lorempixel.com/600/400/nature/',36),(18,'http://lorempixel.com/600/400/nature/',57),(19,'http://lorempixel.com/600/400/nature/',91),(20,'http://lorempixel.com/600/400/nature/',99),(21,'http://lorempixel.com/600/400/nature/',52),(22,'http://lorempixel.com/600/400/nature/',5),(23,'http://lorempixel.com/600/400/nature/',7),(24,'http://lorempixel.com/600/400/nature/',90),(25,'http://lorempixel.com/600/400/nature/',2),(26,'http://lorempixel.com/600/400/nature/',78),(27,'http://lorempixel.com/600/400/nature/',38),(28,'http://lorempixel.com/600/400/nature/',34),(29,'http://lorempixel.com/600/400/nature/',21),(30,'http://lorempixel.com/600/400/nature/',52),(31,'http://lorempixel.com/600/400/nature/',15),(32,'http://lorempixel.com/600/400/nature/',46),(33,'http://lorempixel.com/600/400/nature/',37),(34,'http://lorempixel.com/600/400/nature/',62),(35,'http://lorempixel.com/600/400/nature/',31),(36,'http://lorempixel.com/600/400/nature/',33),(37,'http://lorempixel.com/600/400/nature/',36),(38,'http://lorempixel.com/600/400/nature/',91),(39,'http://lorempixel.com/600/400/nature/',5),(40,'http://lorempixel.com/600/400/nature/',87),(41,'http://lorempixel.com/600/400/nature/',20),(42,'http://lorempixel.com/600/400/nature/',96),(43,'http://lorempixel.com/600/400/nature/',31),(44,'http://lorempixel.com/600/400/nature/',47),(45,'http://lorempixel.com/600/400/nature/',63),(46,'http://lorempixel.com/600/400/nature/',39),(47,'http://lorempixel.com/600/400/nature/',58),(48,'http://lorempixel.com/600/400/nature/',99),(49,'http://lorempixel.com/600/400/nature/',96),(50,'http://lorempixel.com/600/400/nature/',49),(51,'http://lorempixel.com/600/400/nature/',98),(52,'http://lorempixel.com/600/400/nature/',47),(53,'http://lorempixel.com/600/400/nature/',53),(54,'http://lorempixel.com/600/400/nature/',5),(55,'http://lorempixel.com/600/400/nature/',36),(56,'http://lorempixel.com/600/400/nature/',55),(57,'http://lorempixel.com/600/400/nature/',82),(58,'http://lorempixel.com/600/400/nature/',74),(59,'http://lorempixel.com/600/400/nature/',88),(60,'http://lorempixel.com/600/400/nature/',3),(61,'http://lorempixel.com/600/400/nature/',26),(62,'http://lorempixel.com/600/400/nature/',2),(63,'http://lorempixel.com/600/400/nature/',48),(64,'http://lorempixel.com/600/400/nature/',63),(65,'http://lorempixel.com/600/400/nature/',64),(66,'http://lorempixel.com/600/400/nature/',79),(67,'http://lorempixel.com/600/400/nature/',95),(68,'http://lorempixel.com/600/400/nature/',99),(69,'http://lorempixel.com/600/400/nature/',69),(70,'http://lorempixel.com/600/400/nature/',100),(71,'http://lorempixel.com/600/400/nature/',85),(72,'http://lorempixel.com/600/400/nature/',88),(73,'http://lorempixel.com/600/400/nature/',96),(74,'http://lorempixel.com/600/400/nature/',16),(75,'http://lorempixel.com/600/400/nature/',35),(76,'http://lorempixel.com/600/400/nature/',58),(77,'http://lorempixel.com/600/400/nature/',55),(78,'http://lorempixel.com/600/400/nature/',93),(79,'http://lorempixel.com/600/400/nature/',56),(80,'http://lorempixel.com/600/400/nature/',50),(81,'http://lorempixel.com/600/400/nature/',41),(82,'http://lorempixel.com/600/400/nature/',53),(83,'http://lorempixel.com/600/400/nature/',97),(84,'http://lorempixel.com/600/400/nature/',93),(85,'http://lorempixel.com/600/400/nature/',57),(86,'http://lorempixel.com/600/400/nature/',33),(87,'http://lorempixel.com/600/400/nature/',47),(88,'http://lorempixel.com/600/400/nature/',39),(89,'http://lorempixel.com/600/400/nature/',6),(90,'http://lorempixel.com/600/400/nature/',35),(91,'http://lorempixel.com/600/400/nature/',41),(92,'http://lorempixel.com/600/400/nature/',32),(93,'http://lorempixel.com/600/400/nature/',37),(94,'http://lorempixel.com/600/400/nature/',89),(95,'http://lorempixel.com/600/400/nature/',94),(96,'http://lorempixel.com/600/400/nature/',100),(97,'http://lorempixel.com/600/400/nature/',67),(98,'http://lorempixel.com/600/400/nature/',88),(99,'http://lorempixel.com/600/400/nature/',98),(100,'http://lorempixel.com/600/400/nature/',36);
/*!40000 ALTER TABLE `imageitem` ENABLE KEYS */;
UNLOCK TABLES;
/*!40103 SET TIME_ZONE=@OLD_TIME_ZONE */;

/*!40101 SET SQL_MODE=@OLD_SQL_MODE */;
/*!40014 SET FOREIGN_KEY_CHECKS=@OLD_FOREIGN_KEY_CHECKS */;
/*!40014 SET UNIQUE_CHECKS=@OLD_UNIQUE_CHECKS */;
/*!40101 SET CHARACTER_SET_CLIENT=@OLD_CHARACTER_SET_CLIENT */;
/*!40101 SET CHARACTER_SET_RESULTS=@OLD_CHARACTER_SET_RESULTS */;
/*!40101 SET COLLATION_CONNECTION=@OLD_COLLATION_CONNECTION */;
/*!40111 SET SQL_NOTES=@OLD_SQL_NOTES */;

-- Dump completed on 2019-03-21 10:11:17
-- MySQL dump 10.13  Distrib 8.0.15, for Win64 (x86_64)
--
-- Host: 127.0.0.1    Database: thanhtamluxury
-- ------------------------------------------------------
-- Server version	8.0.15

/*!40101 SET @OLD_CHARACTER_SET_CLIENT=@@CHARACTER_SET_CLIENT */;
/*!40101 SET @OLD_CHARACTER_SET_RESULTS=@@CHARACTER_SET_RESULTS */;
/*!40101 SET @OLD_COLLATION_CONNECTION=@@COLLATION_CONNECTION */;
 SET NAMES utf8 ;
/*!40103 SET @OLD_TIME_ZONE=@@TIME_ZONE */;
/*!40103 SET TIME_ZONE='+00:00' */;
/*!40014 SET @OLD_UNIQUE_CHECKS=@@UNIQUE_CHECKS, UNIQUE_CHECKS=0 */;
/*!40014 SET @OLD_FOREIGN_KEY_CHECKS=@@FOREIGN_KEY_CHECKS, FOREIGN_KEY_CHECKS=0 */;
/*!40101 SET @OLD_SQL_MODE=@@SQL_MODE, SQL_MODE='NO_AUTO_VALUE_ON_ZERO' */;
/*!40111 SET @OLD_SQL_NOTES=@@SQL_NOTES, SQL_NOTES=0 */;

--
-- Table structure for table `location`
--

DROP TABLE IF EXISTS `location`;
/*!40101 SET @saved_cs_client     = @@character_set_client */;
 SET character_set_client = utf8mb4 ;
CREATE TABLE `location` (
  `id` int(11) NOT NULL AUTO_INCREMENT,
  `address` varchar(255) CHARACTER SET utf8mb4 COLLATE utf8mb4_0900_ai_ci DEFAULT NULL,
  `email` varchar(255) DEFAULT NULL,
  `phone` varchar(50) DEFAULT NULL,
  `googleLocation` text,
  PRIMARY KEY (`id`)
) ENGINE=InnoDB AUTO_INCREMENT=2 DEFAULT CHARSET=utf8mb4 COLLATE=utf8mb4_0900_ai_ci;
/*!40101 SET character_set_client = @saved_cs_client */;

--
-- Dumping data for table `location`
--

LOCK TABLES `location` WRITE;
/*!40000 ALTER TABLE `location` DISABLE KEYS */;
INSERT INTO `location` VALUES (1,'459 Bùi Văn Hòa - Tổ 20 - Khu phố 6 - P. Long Bình - TP. Biên Hòa - T. Đồng Nai','thanhtam511983@gmail.com','093 304 54 30','https://www.google.com/maps/embed?pb=!1m18!1m12!1m3!1d3917.4942857277247!2d106.87771211416214!3d10.925985692220154!2m3!1f0!2f0!3f0!3m2!1i1024!2i768!4f13.1!3m3!1m2!1s0x3174de447e46f59d%3A0x6fa176d0b49a9be2!2zNDU5IELDuWkgVsSDbiBIw7JhLCBMb25nIELDrG5oLCBUaMOgbmggcGjhu5EgQmnDqm4gSMOyYSwgxJDhu5NuZyBOYWksIFZpZXRuYW0!5e0!3m2!1sen!2s!4v1547219151711');
/*!40000 ALTER TABLE `location` ENABLE KEYS */;
UNLOCK TABLES;
/*!40103 SET TIME_ZONE=@OLD_TIME_ZONE */;

/*!40101 SET SQL_MODE=@OLD_SQL_MODE */;
/*!40014 SET FOREIGN_KEY_CHECKS=@OLD_FOREIGN_KEY_CHECKS */;
/*!40014 SET UNIQUE_CHECKS=@OLD_UNIQUE_CHECKS */;
/*!40101 SET CHARACTER_SET_CLIENT=@OLD_CHARACTER_SET_CLIENT */;
/*!40101 SET CHARACTER_SET_RESULTS=@OLD_CHARACTER_SET_RESULTS */;
/*!40101 SET COLLATION_CONNECTION=@OLD_COLLATION_CONNECTION */;
/*!40111 SET SQL_NOTES=@OLD_SQL_NOTES */;

-- Dump completed on 2019-03-21 10:11:19
-- MySQL dump 10.13  Distrib 8.0.15, for Win64 (x86_64)
--
-- Host: 127.0.0.1    Database: thanhtamluxury
-- ------------------------------------------------------
-- Server version	8.0.15

/*!40101 SET @OLD_CHARACTER_SET_CLIENT=@@CHARACTER_SET_CLIENT */;
/*!40101 SET @OLD_CHARACTER_SET_RESULTS=@@CHARACTER_SET_RESULTS */;
/*!40101 SET @OLD_COLLATION_CONNECTION=@@COLLATION_CONNECTION */;
 SET NAMES utf8 ;
/*!40103 SET @OLD_TIME_ZONE=@@TIME_ZONE */;
/*!40103 SET TIME_ZONE='+00:00' */;
/*!40014 SET @OLD_UNIQUE_CHECKS=@@UNIQUE_CHECKS, UNIQUE_CHECKS=0 */;
/*!40014 SET @OLD_FOREIGN_KEY_CHECKS=@@FOREIGN_KEY_CHECKS, FOREIGN_KEY_CHECKS=0 */;
/*!40101 SET @OLD_SQL_MODE=@@SQL_MODE, SQL_MODE='NO_AUTO_VALUE_ON_ZERO' */;
/*!40111 SET @OLD_SQL_NOTES=@@SQL_NOTES, SQL_NOTES=0 */;

--
-- Table structure for table `pricedetail`
--

DROP TABLE IF EXISTS `pricedetail`;
/*!40101 SET @saved_cs_client     = @@character_set_client */;
 SET character_set_client = utf8mb4 ;
CREATE TABLE `pricedetail` (
  `id` int(11) NOT NULL AUTO_INCREMENT,
  `title` varchar(255) CHARACTER SET utf8mb4 COLLATE utf8mb4_0900_ai_ci DEFAULT NULL,
  `startDate` date DEFAULT NULL,
  `endDate` date DEFAULT NULL,
  `price` float NOT NULL,
  `serviceItemId` int(11) DEFAULT NULL,
  PRIMARY KEY (`id`),
  KEY `serviceItemId` (`serviceItemId`),
  CONSTRAINT `pricedetail_ibfk_1` FOREIGN KEY (`serviceItemId`) REFERENCES `serviceitem` (`id`)
) ENGINE=InnoDB AUTO_INCREMENT=101 DEFAULT CHARSET=utf8mb4 COLLATE=utf8mb4_0900_ai_ci;
/*!40101 SET character_set_client = @saved_cs_client */;

--
-- Dumping data for table `pricedetail`
--

LOCK TABLES `pricedetail` WRITE;
/*!40000 ALTER TABLE `pricedetail` DISABLE KEYS */;
INSERT INTO `pricedetail` VALUES (1,'2018-07-15','1999-05-13',584.185,5,NULL),(2,'2018-08-02','1971-11-27',29.4544,2,NULL),(3,'2018-12-02','1991-07-10',1.39477,4,NULL),(4,'2018-12-05','2008-04-18',770787000,2,NULL),(5,'2018-04-25','1983-09-06',51317000,2,NULL),(6,'2018-12-23','1997-01-28',14547.9,9,NULL),(7,'2018-08-08','2007-05-07',392.075,3,NULL),(8,'2018-11-26','2015-04-02',657.365,3,NULL),(9,'2018-12-01','1985-12-07',594.336,1,NULL),(10,'2018-08-09','2011-01-28',5821990,6,NULL),(11,'2018-06-01','1974-12-15',265635,6,NULL),(12,'2019-01-23','2009-10-06',0.0072911,7,NULL),(13,'2018-12-30','1975-02-01',33.7688,5,NULL),(14,'2018-05-07','1990-01-26',0.624958,7,NULL),(15,'2019-02-20','1998-11-23',0,1,NULL),(16,'2019-02-09','2015-03-04',27115100,9,NULL),(17,'2018-08-22','1976-09-23',0,8,NULL),(18,'2018-10-29','1984-04-28',0,3,NULL),(19,'2018-10-11','1994-05-29',0,1,NULL),(20,'2018-04-19','2013-12-12',2380.86,2,NULL),(21,'2018-11-09','1991-04-17',94.75,5,NULL),(22,'2018-04-04','1995-12-15',0,2,NULL),(23,'2018-08-06','2004-08-05',287053000,5,NULL),(24,'2018-08-05','2008-06-03',454174000,8,NULL),(25,'2019-01-06','2015-09-02',11.8386,9,NULL),(26,'2018-10-16','2013-04-28',0,2,NULL),(27,'2018-07-01','1997-06-23',0.16,9,NULL),(28,'2018-04-04','1994-08-07',5697550,2,NULL),(29,'2019-01-16','2005-12-08',1466.5,4,NULL),(30,'2018-10-15','1995-05-20',17539.4,2,NULL),(31,'2018-12-02','2017-04-07',93651,5,NULL),(32,'2018-08-16','1993-01-01',28237.1,8,NULL),(33,'2018-12-03','1991-04-10',23118400,6,NULL),(34,'2018-05-18','1993-06-19',161228000,2,NULL),(35,'2018-04-17','1973-04-20',2.52107,4,NULL),(36,'2019-01-16','2014-12-19',578365,6,NULL),(37,'2018-09-23','1972-11-17',17466300,7,NULL),(38,'2018-03-22','1976-08-20',2446.54,9,NULL),(39,'2018-08-02','1986-08-17',55.4,6,NULL),(40,'2019-02-14','2016-05-22',440425,6,NULL),(41,'2019-01-04','1994-03-01',50642200,5,NULL),(42,'2018-11-01','2006-01-14',0.682727,2,NULL),(43,'2018-11-23','1994-04-19',689.297,1,NULL),(44,'2018-12-17','1976-11-10',0.17757,8,NULL),(45,'2018-05-26','2002-03-16',6666.11,8,NULL),(46,'2019-01-04','2010-07-19',232.24,8,NULL),(47,'2018-03-21','1994-07-10',2573360,2,NULL),(48,'2018-04-08','2013-09-01',63570.1,2,NULL),(49,'2018-11-14','1981-01-14',803025000,8,NULL),(50,'2018-04-20','1985-06-06',13505700,8,NULL),(51,'2018-07-14','1984-11-25',2.62627,9,NULL),(52,'2019-01-07','2015-05-28',99247.8,5,NULL),(53,'2019-02-23','1999-06-30',219.38,7,NULL),(54,'2018-08-27','2018-10-25',293278000,9,NULL),(55,'2018-08-18','1991-09-19',489900000,3,NULL),(56,'2018-04-07','1978-06-28',23163700,1,NULL),(57,'2018-05-24','1998-10-22',35.32,6,NULL),(58,'2018-06-29','1996-02-25',27.0946,5,NULL),(59,'2018-09-15','1996-10-14',406989,8,NULL),(60,'2018-09-17','1976-08-10',1262,6,NULL),(61,'2018-12-25','2013-03-16',240944000,4,NULL),(62,'2018-05-22','2004-05-23',7975.5,8,NULL),(63,'2019-02-22','1984-11-17',0.378775,3,NULL),(64,'2018-06-11','1976-09-16',0,6,NULL),(65,'2018-05-23','1993-10-19',166705000,1,NULL),(66,'2019-03-08','1978-09-25',20.54,8,NULL),(67,'2018-04-15','2014-04-12',2822560,5,NULL),(68,'2018-06-18','1997-05-16',10.65,7,NULL),(69,'2018-05-12','2013-12-13',79.046,6,NULL),(70,'2018-04-19','1995-03-24',5174.34,8,NULL),(71,'2018-11-29','1998-02-23',318911,3,NULL),(72,'2018-11-29','2010-12-07',307068000,7,NULL),(73,'2018-12-08','1970-01-08',1030410,6,NULL),(74,'2019-01-13','2004-07-28',24,4,NULL),(75,'2019-03-03','2016-08-12',575002000,4,NULL),(76,'2018-08-30','1996-06-15',0,8,NULL),(77,'2018-09-20','2009-10-22',0,8,NULL),(78,'2018-03-27','1989-01-21',179770000,1,NULL),(79,'2018-06-20','1984-05-04',765068,8,NULL),(80,'2018-06-26','1981-05-21',249381000,9,NULL),(81,'2018-10-29','2016-12-15',0,9,NULL),(82,'2018-11-23','1986-04-12',3.628,5,NULL),(83,'2018-07-24','2006-02-04',1157.74,3,NULL),(84,'2018-04-08','2002-09-19',5702490,6,NULL),(85,'2018-10-23','1990-05-29',0,5,NULL),(86,'2018-10-24','2013-02-15',452280000,6,NULL),(87,'2018-08-09','2011-11-21',1731.25,8,NULL),(88,'2018-09-15','2011-10-28',4497180,4,NULL),(89,'2019-02-06','1997-07-10',169300,1,NULL),(90,'2018-05-07','1976-12-30',49634,9,NULL),(91,'2019-03-01','1977-08-13',0,3,NULL),(92,'2018-11-14','1976-11-14',0.5501,3,NULL),(93,'2018-09-03','2005-07-18',17778.9,5,NULL),(94,'2018-04-09','1993-07-04',23,1,NULL),(95,'2018-04-05','2007-01-04',4.51802,8,NULL),(96,'2018-05-17','2016-01-26',16.7438,5,NULL),(97,'2018-05-29','1970-05-06',309194000,3,NULL),(98,'2018-12-13','2011-04-09',0,9,NULL),(99,'2018-12-03','1978-10-13',0.876048,5,NULL),(100,'2018-09-14','2016-02-08',41690,7,NULL);
/*!40000 ALTER TABLE `pricedetail` ENABLE KEYS */;
UNLOCK TABLES;
/*!40103 SET TIME_ZONE=@OLD_TIME_ZONE */;

/*!40101 SET SQL_MODE=@OLD_SQL_MODE */;
/*!40014 SET FOREIGN_KEY_CHECKS=@OLD_FOREIGN_KEY_CHECKS */;
/*!40014 SET UNIQUE_CHECKS=@OLD_UNIQUE_CHECKS */;
/*!40101 SET CHARACTER_SET_CLIENT=@OLD_CHARACTER_SET_CLIENT */;
/*!40101 SET CHARACTER_SET_RESULTS=@OLD_CHARACTER_SET_RESULTS */;
/*!40101 SET COLLATION_CONNECTION=@OLD_COLLATION_CONNECTION */;
/*!40111 SET SQL_NOTES=@OLD_SQL_NOTES */;

-- Dump completed on 2019-03-21 10:11:21
-- MySQL dump 10.13  Distrib 8.0.15, for Win64 (x86_64)
--
-- Host: 127.0.0.1    Database: thanhtamluxury
-- ------------------------------------------------------
-- Server version	8.0.15

/*!40101 SET @OLD_CHARACTER_SET_CLIENT=@@CHARACTER_SET_CLIENT */;
/*!40101 SET @OLD_CHARACTER_SET_RESULTS=@@CHARACTER_SET_RESULTS */;
/*!40101 SET @OLD_COLLATION_CONNECTION=@@COLLATION_CONNECTION */;
 SET NAMES utf8 ;
/*!40103 SET @OLD_TIME_ZONE=@@TIME_ZONE */;
/*!40103 SET TIME_ZONE='+00:00' */;
/*!40014 SET @OLD_UNIQUE_CHECKS=@@UNIQUE_CHECKS, UNIQUE_CHECKS=0 */;
/*!40014 SET @OLD_FOREIGN_KEY_CHECKS=@@FOREIGN_KEY_CHECKS, FOREIGN_KEY_CHECKS=0 */;
/*!40101 SET @OLD_SQL_MODE=@@SQL_MODE, SQL_MODE='NO_AUTO_VALUE_ON_ZERO' */;
/*!40111 SET @OLD_SQL_NOTES=@@SQL_NOTES, SQL_NOTES=0 */;

--
-- Dumping events for database 'thanhtamluxury'
--

--
-- Dumping routines for database 'thanhtamluxury'
--
/*!40103 SET TIME_ZONE=@OLD_TIME_ZONE */;

/*!40101 SET SQL_MODE=@OLD_SQL_MODE */;
/*!40014 SET FOREIGN_KEY_CHECKS=@OLD_FOREIGN_KEY_CHECKS */;
/*!40014 SET UNIQUE_CHECKS=@OLD_UNIQUE_CHECKS */;
/*!40101 SET CHARACTER_SET_CLIENT=@OLD_CHARACTER_SET_CLIENT */;
/*!40101 SET CHARACTER_SET_RESULTS=@OLD_CHARACTER_SET_RESULTS */;
/*!40101 SET COLLATION_CONNECTION=@OLD_COLLATION_CONNECTION */;
/*!40111 SET SQL_NOTES=@OLD_SQL_NOTES */;

-- Dump completed on 2019-03-21 10:11:21
-- MySQL dump 10.13  Distrib 8.0.15, for Win64 (x86_64)
--
-- Host: 127.0.0.1    Database: thanhtamluxury
-- ------------------------------------------------------
-- Server version	8.0.15

/*!40101 SET @OLD_CHARACTER_SET_CLIENT=@@CHARACTER_SET_CLIENT */;
/*!40101 SET @OLD_CHARACTER_SET_RESULTS=@@CHARACTER_SET_RESULTS */;
/*!40101 SET @OLD_COLLATION_CONNECTION=@@COLLATION_CONNECTION */;
 SET NAMES utf8 ;
/*!40103 SET @OLD_TIME_ZONE=@@TIME_ZONE */;
/*!40103 SET TIME_ZONE='+00:00' */;
/*!40014 SET @OLD_UNIQUE_CHECKS=@@UNIQUE_CHECKS, UNIQUE_CHECKS=0 */;
/*!40014 SET @OLD_FOREIGN_KEY_CHECKS=@@FOREIGN_KEY_CHECKS, FOREIGN_KEY_CHECKS=0 */;
/*!40101 SET @OLD_SQL_MODE=@@SQL_MODE, SQL_MODE='NO_AUTO_VALUE_ON_ZERO' */;
/*!40111 SET @OLD_SQL_NOTES=@@SQL_NOTES, SQL_NOTES=0 */;

--
-- Table structure for table `serviceitem`
--

DROP TABLE IF EXISTS `serviceitem`;
/*!40101 SET @saved_cs_client     = @@character_set_client */;
 SET character_set_client = utf8mb4 ;
CREATE TABLE `serviceitem` (
  `id` int(11) NOT NULL AUTO_INCREMENT,
  `name` varchar(255) CHARACTER SET utf8mb4 COLLATE utf8mb4_0900_ai_ci NOT NULL,
  `serviceType` varchar(255) DEFAULT NULL,
  `type` varchar(255) CHARACTER SET utf8mb4 COLLATE utf8mb4_0900_ai_ci DEFAULT NULL,
  `price` float DEFAULT NULL,
  `slug` varchar(255) DEFAULT NULL,
  `mainImage` varchar(255) DEFAULT NULL,
  `location` varchar(255) CHARACTER SET utf8mb4 COLLATE utf8mb4_0900_ai_ci DEFAULT NULL,
  `priceDescription` text CHARACTER SET utf8mb4 COLLATE utf8mb4_0900_ai_ci,
  `shortDescription` text CHARACTER SET utf8mb4 COLLATE utf8mb4_0900_ai_ci,
  `description` text CHARACTER SET utf8mb4 COLLATE utf8mb4_0900_ai_ci,
  `isActive` bit(1) DEFAULT NULL,
  PRIMARY KEY (`id`),
  UNIQUE KEY `slug` (`slug`)
) ENGINE=InnoDB AUTO_INCREMENT=101 DEFAULT CHARSET=utf8mb4 COLLATE=utf8mb4_0900_ai_ci;
/*!40101 SET character_set_client = @saved_cs_client */;

--
-- Dumping data for table `serviceitem`
--

LOCK TABLES `serviceitem` WRITE;
/*!40000 ALTER TABLE `serviceitem` DISABLE KEYS */;
INSERT INTO `serviceitem` VALUES (1,'sit','8','2',10.7,'amet','http://lorempixel.com/640/480/','158 Schinner Mountains\nPort Melvinaland, MT 34280','Qui quia nobis ea aperiam recusandae rerum aut. Sunt sit aliquid assumenda ea qui incidunt. Earum veritatis corporis quia dolorem voluptatibus vero et.','Veniam praesentium nihil culpa laboriosam. Officiis saepe exercitationem voluptatem culpa consequatur consequatur. Recusandae consectetur illo eum aut perferendis ipsam.','A minima est consectetur. Nostrum quia atque id minima ea. Consequatur in reiciendis rerum.',_binary '\0'),(2,'molestias','4','5',6024.2,'qui','http://lorempixel.com/640/480/','577 Torphy Mountain\nKrystalmouth, CA 66710','Quisquam illum soluta reiciendis sint autem. Earum et eos deleniti.','Amet veniam doloribus quasi sequi. Distinctio velit eaque omnis. Nostrum natus a nulla aut ad neque quibusdam aut.','Distinctio aut nesciunt dolore quos id. Nisi laudantium asperiores tenetur voluptas ut excepturi. Sapiente expedita sit dolore aut ipsum doloribus cum.',_binary '\0'),(3,'sequi','1','8',28.176,'sed','http://lorempixel.com/640/480/','36614 Grady Locks\nBatzside, SC 81071','In delectus in modi rerum. Quo mollitia nesciunt et fugiat nemo et voluptatibus. Magni voluptas velit et omnis modi dolorum alias. Aut repellat ipsam similique. Aut perspiciatis at tempora perspiciatis.','Quo omnis qui perferendis sed officiis mollitia saepe. Ipsum accusantium recusandae eos.','Facere consequatur et sint officiis eius quo et. Corporis odio quis excepturi. Ducimus quo ex fugit impedit accusamus similique sunt.',_binary '\0'),(4,'voluptatem','1','1',548349000,'dolorem','http://lorempixel.com/640/480/','99902 Zboncak Views Apt. 613\nFritschtown, LA 91741','Earum deserunt sed ut sed molestiae. Quis officia ea rerum sunt id accusantium occaecati. Id esse eaque dolor impedit quam sint.','Est eligendi asperiores voluptas blanditiis porro perspiciatis repellat. Totam facere sunt error.','Quos error natus mollitia. Asperiores deserunt ut reprehenderit assumenda iste adipisci. Delectus quae illo nesciunt amet nihil sed quo nulla. Laborum cupiditate molestias voluptate natus sit. Perferendis deserunt iusto temporibus in voluptas molestiae perspiciatis libero.',_binary '\0'),(5,'est','9','8',4.1,'est','http://lorempixel.com/640/480/','9678 Upton Row Suite 780\nLebsackview, MO 58894','Et et hic libero ex illo animi alias. Sit iusto voluptas quasi et quaerat iure voluptatibus voluptatibus. Et qui dolor omnis harum alias iste itaque. Ut in quia distinctio incidunt nulla doloribus.','Voluptatem iste expedita exercitationem nostrum dolores. Rerum non voluptas sunt ut ut quia. Nostrum dignissimos aut adipisci aliquam rerum exercitationem pariatur. Omnis laboriosam debitis ad.','Accusamus omnis eum voluptate officiis ut molestiae. In delectus provident nulla veritatis voluptatibus aut eos. Nihil atque sunt consequuntur consequatur repellat a consectetur. Ut ad qui qui ea minus voluptatibus. Harum sed qui praesentium et accusamus minima.',_binary '\0'),(6,'officiis','8','8',138808,'magni','http://lorempixel.com/640/480/','073 Kristofer Stream\nEast Alexanderfurt, AL 02160','Nihil praesentium voluptas voluptate expedita tempora. Sed sequi numquam sit enim aut illo. Maiores aut quae sit corrupti.','Voluptatibus nesciunt laudantium magnam laudantium ipsum alias. Quam odio magni aut ut mollitia eos facilis. Qui fugit deleniti dolores. Ut dolore et velit velit eos velit accusantium perferendis. Ut in voluptatem aut ut odio quo.','Debitis dolorem quisquam voluptatem necessitatibus. Non et provident molestiae. Voluptatem dignissimos velit nostrum blanditiis non adipisci. Nesciunt amet quia quidem.',_binary '\0'),(7,'repudiandae','5','4',56415300,'consequatur','http://lorempixel.com/640/480/','565 Devyn Trail Apt. 006\nCrooksborough, ND 97001-6734','Nam sit explicabo suscipit recusandae cum molestias fugit. Qui voluptatem delectus quae. Eum itaque cumque molestias accusantium minima. Excepturi modi corrupti odit. Non laudantium dolorum amet necessitatibus odit.','Eveniet at illum laborum officiis nulla soluta. Veniam expedita velit et dicta sed. Architecto nihil molestiae laborum provident quae.','Voluptas esse distinctio culpa mollitia a libero nemo. Deleniti eveniet ullam delectus quam quia. Doloribus sint cum beatae rerum sed reiciendis.',_binary ''),(8,'et','3','6',42485.2,'temporibus','http://lorempixel.com/640/480/','09308 Cristobal Circle Apt. 358\nAnkundingtown, NE 69505','Vel ullam similique vero rerum voluptatem. Consequuntur quidem et quas blanditiis commodi explicabo nulla.','Aspernatur et rerum fugit voluptatum eos. Voluptatem qui reiciendis fugiat eos dolores sunt doloribus. Et veniam ut rerum ut.','Et laudantium reiciendis eum commodi laudantium unde hic. Velit expedita ut aspernatur et minima labore fuga quos. Rerum quaerat aut possimus. Ad exercitationem assumenda veritatis eum eum et.',_binary '\0'),(9,'temporibus','7','2',1369320,'voluptatum','http://lorempixel.com/640/480/','7963 Anais Squares\nRomatown, SC 35199-2877','Consequatur omnis illo eaque ullam. Laudantium aut nam blanditiis laboriosam dolore quidem. Qui autem enim et omnis eveniet laborum voluptatem.','Eum nostrum enim sunt pariatur repellat hic eveniet. At consectetur iste reiciendis enim. Sed itaque molestiae dolorum impedit sunt porro deserunt.','Provident quod pariatur eius fuga vel iste eligendi. Aliquid ex nostrum labore eligendi rem voluptatem. Quibusdam quidem laboriosam beatae voluptas. Esse in aut aut ullam est.',_binary ''),(10,'et','3','1',0.3,'voluptas','http://lorempixel.com/640/480/','277 Reynolds Fork\nEast Emmet, SD 07727-8044','Molestias beatae reprehenderit aperiam. Repellendus sed quia laboriosam aut hic. Autem enim sed autem et dolorum voluptatem. Et totam molestiae sapiente dolor delectus.','Dolore ut rem pariatur consequatur quo error sapiente. Numquam aut ea eum non reiciendis magnam quisquam. Possimus voluptatem quaerat debitis non quis. Porro in cum aut sit.','Facilis inventore aut labore ex. Recusandae facere consequuntur mollitia deserunt voluptatem soluta consectetur eos. Ducimus amet ut aut qui. Ea nihil consequatur omnis assumenda rerum suscipit.',_binary '\0'),(11,'aut','9','3',27417.6,'in','http://lorempixel.com/640/480/','802 Macejkovic Lodge\nWest Austenton, WI 07529','Fugit fuga et perferendis quaerat ut. Qui sed sed ipsam dolorum vero et eaque voluptate. Eum excepturi reprehenderit reiciendis veniam sit rerum qui.','Corporis non illo nihil delectus reiciendis voluptatum sunt perspiciatis. Illo beatae deserunt laborum quasi et sint unde a. Unde aspernatur omnis sit in accusantium aspernatur. Commodi sed praesentium optio ex.','Sequi consequatur non suscipit harum. Quis voluptatum reprehenderit deserunt maxime modi.',_binary ''),(12,'molestiae','8','2',1808.7,'fugit','http://lorempixel.com/640/480/','411 Will Prairie Suite 294\nGradyton, MO 24153-3270','Perspiciatis qui quo saepe eum occaecati. Ipsam impedit quis sunt aut recusandae ipsum aut. Fugit quia commodi deserunt ipsum minima eos quos. Recusandae dolorum officia exercitationem et.','Dolorem enim qui explicabo repudiandae et. Ab distinctio similique nulla et. Suscipit sed et alias in doloribus magnam iure. Aut voluptate temporibus assumenda omnis commodi ut dolore.','Delectus autem eligendi doloribus rerum veritatis facilis. Quibusdam modi saepe tempora dolores. Doloribus voluptatem soluta sit doloremque aut doloribus dolor. Corrupti assumenda ipsa iusto. Consequatur debitis fuga natus itaque qui ut.',_binary '\0'),(13,'animi','4','1',1964.6,'hic','http://lorempixel.com/640/480/','07050 Tremblay Turnpike\nMuellerstad, SD 54154-9711','Est rerum facere qui aut. Omnis laudantium minus dolore laudantium aut. Quod pariatur officiis eius in modi officia veniam.','Aut dolorum eaque labore. Quibusdam et rerum dolorem sint. Accusamus ut doloribus error magni rerum. Voluptas sit inventore et.','Est corrupti quia in debitis. Accusamus autem quibusdam aliquam illum cum reiciendis error at. Alias fugiat voluptas pariatur accusamus voluptatum.',_binary ''),(14,'est','2','8',22626100,'mollitia','http://lorempixel.com/640/480/','04403 Murray Lodge Apt. 427\nEast Arlenehaven, OR 09725-0716','Incidunt fuga dolor quibusdam. Autem numquam aspernatur dolor quo sequi. Adipisci quas dolor voluptatibus velit.','Dolorum officiis fugit esse. Quibusdam et unde facere neque repellendus. Occaecati consequuntur consectetur repudiandae pariatur. Ut recusandae doloribus incidunt debitis at totam sapiente.','Voluptatem id necessitatibus iusto voluptatem odit. Aliquid voluptatibus corporis cum qui fugit. Fugiat consequatur eum dignissimos ea consectetur commodi.',_binary '\0'),(15,'vel','7','9',410.939,'nulla','http://lorempixel.com/640/480/','112 Kellen Trace Apt. 222\nJohnstonberg, IL 34724-8700','Ad dolorem sunt atque natus natus quod sit. Voluptatibus est ipsam autem cupiditate necessitatibus commodi fugiat modi. Nisi ut accusamus qui cum ut et. Dolorem fuga molestiae et aspernatur nostrum asperiores architecto amet.','Dolor voluptatibus temporibus nisi consequuntur. Sed odit dolor quisquam. Unde cumque modi esse.','Rerum quo itaque et esse reiciendis. Rerum veritatis perferendis perferendis rerum placeat. Dolor voluptatibus sit quae.',_binary ''),(16,'porro','3','9',471.652,'pariatur','http://lorempixel.com/640/480/','119 Clemens Cape Apt. 088\nEast Allanport, NM 01211','Eos ullam vel asperiores odit omnis. Provident illum impedit iste quia culpa odit. Sit laboriosam possimus aliquid. Necessitatibus quaerat rerum voluptates unde neque odio.','In alias quam minus non incidunt quis. Et aut voluptatem harum. Aut fuga aut eligendi illo voluptatum. Qui amet numquam cumque dolores deserunt dolore.','Et sunt cumque pariatur est quibusdam asperiores esse. Reiciendis ut temporibus totam non officiis esse itaque. Assumenda aut eaque tenetur. A rerum excepturi iste et maxime cumque consectetur.',_binary '\0'),(17,'adipisci','4','2',3897.76,'adipisci','http://lorempixel.com/640/480/','240 Hauck Branch\nHartmannstad, MI 44446','Voluptatem consectetur sed ut modi in reiciendis officiis consectetur. Deleniti alias perferendis libero quas. Facilis aut ut odio est. Voluptatem asperiores tempora ut est. Eius est sed dolor.','Quidem numquam ut velit omnis nesciunt. Voluptatem aliquam quasi et qui praesentium ratione veniam at. Et nulla vel et excepturi sed aspernatur eius delectus. Et ratione debitis ipsa illum inventore voluptatem qui.','Sit itaque optio aut. Consequatur consectetur aspernatur porro possimus sit quas.',_binary ''),(18,'dolores','6','4',0.1,'maiores','http://lorempixel.com/640/480/','381 Ally Landing Apt. 590\nWest Alba, VT 88178','Minus rerum ut repudiandae rerum ut qui nesciunt voluptatum. Repudiandae et voluptas laboriosam non.','Explicabo sequi sed sed facere natus. Sit dolor deleniti voluptas consectetur quo voluptas illum. Fuga molestiae quos non consectetur aliquam quo qui sequi. Quo dolores quia velit facilis.','Perspiciatis vel maiores facilis maiores corporis illo. Vero ea asperiores nam aut iste perspiciatis voluptatem. Nesciunt aut laboriosam sequi sed sit quod et. Eligendi saepe id totam omnis qui.',_binary '\0'),(19,'possimus','9','9',11212.8,'veniam','http://lorempixel.com/640/480/','14697 Lenny Stream Apt. 096\nFloridashire, ME 00617-6747','Libero itaque molestiae ea. Fugiat dolor mollitia dolores quas. Velit sequi est hic et dolor repellat est aut. Eum earum voluptatibus qui.','Id eum quia voluptatem magni eos sed. Ex optio omnis expedita qui temporibus corporis qui tenetur. Consequatur ad amet facere odit animi incidunt numquam.','Rerum perspiciatis et praesentium velit dolores occaecati ut. Cupiditate sit ea libero magnam expedita provident. Iusto totam minima quia corporis culpa omnis officiis.',_binary '\0'),(20,'et','6','1',245203,'fuga','http://lorempixel.com/640/480/','393 Brenda Prairie\nWest Deronland, HI 73796','Necessitatibus harum autem impedit quasi. Beatae corporis sed ut omnis. Illo et nesciunt magnam et molestias.','Dolorum in maiores architecto similique ab minima aliquid. Soluta optio ab dolor id dolor nobis blanditiis. Sit perspiciatis aut molestias sed repellendus maxime voluptas beatae.','Deleniti velit eveniet doloribus nihil. Repudiandae corrupti doloribus iusto deserunt. Sed nulla quos ut ducimus error vel.',_binary ''),(21,'facilis','5','9',751364,'quod','http://lorempixel.com/640/480/','96547 Spinka Mountains\nHuelsbury, WI 00112','Quibusdam dolorem ut facilis omnis labore. Consectetur ratione dolore atque pariatur cum totam numquam. Ex aut ut velit quia dolor possimus quia.','Ipsum nesciunt non aut qui commodi. Nihil corrupti veniam soluta ut ut aut asperiores. Repudiandae sint ea vel veniam eaque ut. Laboriosam commodi qui fuga recusandae voluptates quaerat.','Harum nemo quis explicabo eveniet. Sint expedita est provident adipisci quis velit sint. Fugit laborum sit voluptatem rerum veritatis.',_binary ''),(22,'et','2','9',795633000,'consequuntur','http://lorempixel.com/640/480/','128 Randy Fork Apt. 001\nNorth Eleonoreville, VA 51457-4525','Molestiae beatae quam qui nulla saepe illo repudiandae. Hic ut sunt quaerat cupiditate. Id omnis accusamus et repellendus fugiat sint incidunt itaque.','Ullam explicabo omnis aut quasi. Et corrupti optio reiciendis qui ea doloremque. Rerum sed quo officia debitis pariatur.','Mollitia laboriosam quidem quo quis velit magni veritatis aut. Similique non ea neque cum est. Alias quaerat architecto nisi sunt.',_binary ''),(23,'voluptatem','7','9',7026,'sint','http://lorempixel.com/640/480/','725 Ola Branch Apt. 820\nWest Macport, OH 98668','Consectetur enim ipsa eaque et aut non. Veritatis doloribus quia sint et sequi sequi. Repellat quasi facere aut et assumenda qui. Quod incidunt consequatur explicabo dolores iusto.','Sed sit temporibus corrupti repellendus blanditiis illum delectus mollitia. Rerum consectetur illum aut debitis officiis dignissimos. Magnam quaerat quidem et est.','Iusto repellat reiciendis esse odio qui. Sit perferendis et quod ratione sed odio voluptate. Quibusdam voluptas dolores aliquid necessitatibus sed eveniet sunt.',_binary '\0'),(24,'sint','1','3',1810.12,'quaerat','http://lorempixel.com/640/480/','732 Bashirian Freeway\nWest Aliyahchester, AK 83238-4524','Maxime dolore saepe velit vitae. Accusamus repudiandae voluptatem magni velit dolor sed omnis repudiandae. Eaque sit consequatur quo autem doloribus. Dolores aut deleniti possimus temporibus neque.','Est voluptatum numquam provident. Ea hic tempore totam dolorum eos laudantium reiciendis et. Molestias qui suscipit facere facere reprehenderit quas. Nihil repellendus excepturi iure quia.','Rerum nesciunt blanditiis suscipit nam cum sit. Est magnam aliquid ipsa itaque quia aut laboriosam. Aut qui aut voluptatibus optio. Rerum rerum in aut id rerum. Nihil nam id praesentium nostrum occaecati.',_binary ''),(25,'est','7','1',402996,'vel','http://lorempixel.com/640/480/','17781 Reynolds Turnpike Apt. 040\nEast Hudsonfurt, MO 76381-6155','Minima dolores quia numquam numquam tempore ex quidem. Reprehenderit enim eaque quam alias voluptas velit non iste. Fuga iure consectetur ea consequatur omnis est iusto ad. Adipisci porro atque aperiam adipisci et.','Molestiae architecto excepturi ex soluta quam laudantium ut. Mollitia ut quo exercitationem corporis architecto aut aut ab. Sed libero eos quibusdam nisi quia. Expedita quaerat facere nihil itaque neque.','Eius est ut voluptas. Ullam voluptate tempore quia quod. Nemo quam modi sit ut. Soluta eum autem id expedita quisquam et magnam reprehenderit.',_binary '\0'),(26,'illo','5','2',65802600,'natus','http://lorempixel.com/640/480/','429 Sporer Lakes Apt. 200\nLake Mary, IA 99270','Sit odio ut molestias. Aut corrupti in ad veniam totam. Voluptatem praesentium impedit deserunt nobis sit quia. Quaerat sint enim illum architecto quo.','Numquam culpa neque sed debitis commodi. Ad laborum eveniet quo consequatur eum. Rem enim accusantium dolores saepe et suscipit tempore. Reiciendis et velit ut id provident sed nihil.','Laboriosam vel aliquid modi cupiditate. In eos et explicabo ut dolores numquam qui. Autem iste assumenda iure animi reiciendis. Ut alias ut fugiat facilis fugiat.',_binary ''),(27,'quam','4','9',1538.58,'esse','http://lorempixel.com/640/480/','40432 Justina Light\nEnaton, NE 54444-8317','Maiores quo possimus ratione sunt eveniet ipsum. Architecto laudantium est nostrum sit.','Consectetur voluptatem voluptate deleniti consequatur odio autem. Vel dolores similique velit recusandae eius corrupti et. Facilis quis ratione saepe quae. Et doloribus qui a veritatis pariatur dicta. Dolorum consequatur consequatur et ullam dolores saepe.','Eum minus ullam placeat ab non ratione dolor expedita. Quasi autem omnis officiis qui. Similique enim hic tenetur inventore rem ullam.',_binary ''),(28,'ut','6','9',559100,'ea','http://lorempixel.com/640/480/','3861 Bechtelar Lane\nBechtelarport, TX 31855','Ut aut explicabo ut laborum illo rerum aspernatur. Est rerum provident dicta qui repellendus ut aspernatur. Et rerum dolor enim.','Corrupti eius quia dolor vero magni tempore. Omnis eveniet et placeat provident voluptas dolore. Autem aut at neque quo. Necessitatibus veritatis quaerat laboriosam nesciunt aut necessitatibus.','Inventore dolorum blanditiis nihil et sed necessitatibus dignissimos. Magnam sed ab et veniam molestias aliquid.',_binary ''),(29,'soluta','3','5',7350,'quo','http://lorempixel.com/640/480/','45658 Hilbert Causeway Apt. 908\nBeattystad, MS 10592-4307','Et deleniti rem pariatur magnam eveniet veritatis voluptas. Rerum beatae quia voluptate id aliquam. Cupiditate blanditiis ratione aut. Laboriosam et error quidem eos et.','Id dicta facilis repellat exercitationem ex provident aut mollitia. Dolorem consequuntur facere modi ut. Officia reiciendis laborum aut expedita repellat cupiditate beatae. Soluta qui modi optio quae consequuntur officiis neque.','Reiciendis aspernatur soluta occaecati ipsa aut. Aut nihil tempore rem est ut repellat impedit unde. Assumenda soluta earum officiis unde adipisci consequuntur. Quos ipsa aut aut unde.',_binary '\0'),(30,'et','5','9',1555.94,'velit','http://lorempixel.com/640/480/','99118 Rempel Falls\nWest June, TN 38159-6957','Velit consequatur blanditiis aut mollitia. Harum doloremque expedita et voluptatem id consequatur. Vitae rerum ducimus delectus sit. Unde suscipit animi ea sit.','Quibusdam exercitationem qui harum consequatur beatae quae. Nam accusamus magni enim iure commodi nesciunt repudiandae commodi. Et aliquid et eum possimus quo alias et repellat. Ipsam illum impedit ad esse dolorem eum placeat.','Quae aliquam et ut natus ut. Maiores qui incidunt quibusdam omnis velit. Officia magni non rerum reiciendis ipsa.',_binary '\0'),(31,'totam','7','9',12649.8,'a','http://lorempixel.com/640/480/','127 McGlynn Plains Suite 413\nDelphamouth, LA 39252','Ratione repellendus dicta vel magni. Perspiciatis perferendis perferendis qui esse. Sint harum laudantium deleniti voluptas expedita.','Cum blanditiis sit quo aliquam et. Quia aperiam consequatur doloribus dignissimos ullam. Et ratione omnis et qui quibusdam at quam. Fugiat ea vel ratione dicta laudantium facilis aperiam.','In id doloribus est occaecati sunt et. Ut doloremque eum illum sequi cumque facere explicabo. Sit dolorem voluptatibus aspernatur facere et et. In aspernatur quasi est vero eaque commodi.',_binary '\0'),(32,'quam','5','8',307410000,'minima','http://lorempixel.com/640/480/','358 Krajcik Crest Apt. 342\nMissourimouth, MN 17117-2426','Dolorem a sit rerum odio placeat rerum. Aliquid reiciendis unde aliquam voluptatibus sint esse.','Illo voluptatem iste cumque sed harum nostrum nesciunt nesciunt. Facere eveniet et eius ad. Et aliquam dolor perspiciatis enim.','Architecto ut maxime qui voluptatum adipisci illo assumenda. Rerum ex commodi et aut temporibus corrupti consequatur quaerat. Temporibus pariatur perspiciatis voluptatem voluptate.',_binary '\0'),(33,'et','2','9',3946590,'dolorum','http://lorempixel.com/640/480/','848 Scarlett Union\nEmeraldtown, RI 59523','Nostrum quo similique iusto et minima exercitationem. Illo et autem quia ea error. Nihil odit et velit consectetur eveniet dolorem itaque et. Quidem odit tempora dolor dignissimos.','Consequuntur quis fugit tempora non doloremque. Laborum dolor sunt eveniet voluptatum commodi eveniet. Minima quasi soluta eum beatae corporis et. Quidem corrupti ducimus et aut excepturi ut.','Nisi quasi numquam quisquam quasi. Cupiditate id itaque aut minus sunt dolores. Dolor dolorum mollitia quas eum unde culpa. Saepe ipsam incidunt aut impedit ratione ut. Sunt minus qui recusandae.',_binary '\0'),(34,'quis','3','4',6550640,'aut','http://lorempixel.com/640/480/','4361 Lurline Forest Suite 877\nStrackefurt, DE 30620-8502','Non quia sunt perspiciatis. Natus aut adipisci in nostrum blanditiis placeat eveniet. Quidem quasi et laudantium. Odit sunt voluptas ipsum velit voluptate odit sed id.','Optio delectus quo tenetur repellendus. A et expedita qui commodi. Veritatis impedit repellendus ratione officia et nulla qui.','Est sit qui sint sunt. Facere voluptas voluptate omnis similique sequi sed tenetur. Ea voluptate et est eligendi.',_binary ''),(35,'et','4','9',452,'corrupti','http://lorempixel.com/640/480/','7247 Jeramie Islands\nSchulistburgh, CA 76588','Dolor laboriosam fugiat molestias beatae eligendi quia. Est laboriosam ab repudiandae accusamus dolore esse. Corrupti ut cumque cum voluptas dolor ea dolorum ut.','Quas rerum quidem qui praesentium ut. Illum rerum enim neque architecto iste voluptatibus. Reprehenderit porro dicta itaque rerum. Est ipsam cupiditate suscipit ut sed. Nisi officia voluptas ratione quidem harum ut.','Voluptate fugiat neque itaque omnis commodi inventore repellendus. Rerum assumenda sed quae ipsam inventore praesentium eveniet. Amet delectus quae suscipit qui velit.',_binary ''),(36,'reiciendis','7','1',425774000,'facere','http://lorempixel.com/640/480/','0283 Sporer Brooks Apt. 157\nMacejkovicfort, KY 72567','Velit hic explicabo alias incidunt delectus voluptates. Quaerat doloribus commodi cupiditate autem ratione maiores magni tempora. Rerum officia et architecto sapiente odio expedita earum. Quo molestias autem sit ipsam.','Enim natus ratione repudiandae ipsum ut dolore. Aut sint possimus omnis recusandae ut sed assumenda. Natus reiciendis consequatur corporis placeat dicta et accusantium.','Unde non et blanditiis non cumque illo. Saepe exercitationem beatae iste delectus omnis sint. Ullam aut veniam nulla dolores ea sit. Voluptate aliquid consectetur rerum et est fugiat. Consequatur aut nam minus debitis amet eum.',_binary ''),(37,'dolores','1','2',71.8402,'et','http://lorempixel.com/640/480/','7020 Miller Ville\nMadisonbury, SD 57598','Mollitia unde maiores mollitia. Nostrum corporis et fuga facere quis molestiae vel. Eveniet itaque et quod nostrum.','Enim molestias optio odio. Delectus amet esse iure facilis animi. Nam incidunt sed laudantium incidunt non perferendis laborum consequuntur. Vero ut delectus officia qui ut quas veritatis minus.','Et sint vero error unde animi. Et qui laboriosam dolores eligendi minima. Et ut explicabo beatae qui aut.',_binary ''),(38,'possimus','8','6',452724,'veritatis','http://lorempixel.com/640/480/','75667 Delia Mill\nReingermouth, DE 53301-7813','Eligendi porro cum fugit asperiores voluptate distinctio aliquid reiciendis. Veniam repudiandae doloribus consequatur ea nobis qui. Pariatur sit consequuntur culpa praesentium qui aliquam. Voluptates voluptatem ut voluptas.','Odit explicabo explicabo ut laboriosam. Voluptatem et officia suscipit vero et et. Odit cupiditate ex inventore. Laborum dolorem consequatur dicta esse non minus.','Expedita et et molestiae ipsum. Iusto aut recusandae ducimus et. Sequi quia dolorem facilis sunt quos.',_binary ''),(39,'tenetur','7','7',2132870,'magnam','http://lorempixel.com/640/480/','296 Opal Lane\nEast Skyla, VA 44598-6858','Facere consequatur recusandae voluptatibus laudantium velit dicta possimus nisi. Dolor qui repellendus aliquam minus sunt laboriosam voluptatibus. Similique et eum saepe rerum voluptates.','Qui fugiat blanditiis est praesentium. Voluptatem reiciendis sit ab. Dolores dolor vel voluptatibus esse quas voluptas voluptatibus.','Culpa molestiae ex maiores minus voluptatem quis asperiores. Debitis inventore nulla voluptatem non consequuntur omnis laboriosam. Esse omnis eveniet ab voluptatem. Consequatur officiis commodi et rem ex voluptatibus sunt dolore.',_binary ''),(40,'rem','5','2',219.687,'nihil','http://lorempixel.com/640/480/','216 Daphnee Ports Apt. 611\nWest Elainaview, NC 83807-4481','Sit omnis fuga fuga in. Veritatis accusamus repellat vero ullam qui. Similique dolores est sint molestiae expedita facere cum. Pariatur tempore reiciendis ex.','Ipsa quibusdam tempore cumque eum aut temporibus doloribus fugiat. Tempora voluptatum iure quod autem voluptatem veritatis. Architecto fugit tempore molestiae assumenda explicabo. Aliquam ipsa sit non pariatur et voluptatibus.','Facilis distinctio ratione architecto sed sed nihil. Adipisci distinctio et quibusdam. Eos et et eligendi enim ut quia.',_binary ''),(41,'alias','1','6',561.149,'ab','http://lorempixel.com/640/480/','2259 Bauch Mountain\nSouth Katlynland, ID 70551','Quaerat vitae nulla dolore facilis consequuntur modi. Nihil molestiae alias reiciendis. Atque rerum aut laboriosam nesciunt et corporis alias libero.','Quia rerum voluptate a et. Laboriosam dicta suscipit natus non. Veniam maiores aspernatur quod natus eum nemo. A molestiae atque quis iure vel.','Doloremque cupiditate quasi eos placeat quo. Sed cum eius laudantium dolorem. Beatae dolor rerum sed et.',_binary '\0'),(42,'consectetur','9','2',2579.69,'totam','http://lorempixel.com/640/480/','17202 Erdman Rue\nRennerport, WA 51586-2239','Et et aut ad reiciendis consequuntur error. Aperiam incidunt earum harum atque.','Qui fuga iste similique fugiat. Quis aliquam voluptas et sed. Ipsam blanditiis eaque voluptatem laudantium voluptatibus.','Accusantium magni provident ad. Ut tempore at quam dolorem culpa. Voluptatem et nobis libero ea rem magnam.',_binary '\0'),(43,'exercitationem','2','7',161903,'nam','http://lorempixel.com/640/480/','5794 Connelly Well Apt. 958\nSouth Juanaville, ID 00406-3982','Officia eligendi autem enim sunt. Tempore commodi et voluptatem aut error. Deleniti aspernatur aut qui dolor eveniet ea dolores et. Sequi et dolores ratione tempora nihil.','Amet ratione neque molestiae perspiciatis ipsam repellat occaecati. Rerum possimus libero maxime officia. Ex sint quia totam sit ullam ut. Enim quia aliquam repellendus dolor libero et consequatur.','Voluptatem voluptatibus maiores neque ipsam quasi. Perspiciatis sequi aliquam aliquid dignissimos et commodi rerum. Minima labore nihil eos itaque cum. Officia velit et illo ratione sit. Dolor sint mollitia nisi.',_binary '\0'),(44,'error','3','2',21987,'possimus','http://lorempixel.com/640/480/','89623 Antonetta Prairie\nSouth Maudieshire, SD 29756','Sit consectetur ea aut illo labore et vel. Eius magni provident ut non. Rerum sit eaque cupiditate eaque quibusdam unde totam numquam.','Officia eveniet facere rem fugit ea eligendi similique. Ut ipsum esse eveniet aut ea nobis ex. Adipisci et quia voluptas omnis hic tenetur ad.','Ut delectus qui saepe. Et ut et sunt repudiandae. Ex debitis reiciendis perspiciatis ratione voluptate consequatur ut.',_binary ''),(45,'aliquam','2','8',21248,'excepturi','http://lorempixel.com/640/480/','8864 Elliott Falls\nNorth Ismael, KY 04929-2330','Non corrupti dolor iusto numquam. Debitis perspiciatis non quisquam quia. Assumenda accusantium at fuga.','Dignissimos quis aut quae omnis quos asperiores hic. Nesciunt voluptatem et facilis eligendi. Et architecto enim omnis nulla fugit laudantium ad. Ut distinctio beatae sequi occaecati in repellendus eum nemo.','Nemo odio culpa tempore. Vel est doloribus adipisci error assumenda. Nobis et numquam suscipit qui illo eligendi incidunt veritatis. Laborum ut et minima itaque dolorum sed ut. Animi facilis iure et omnis sit modi.',_binary '\0'),(46,'quo','8','1',4440660,'neque','http://lorempixel.com/640/480/','289 Ines Locks Suite 684\nWest Maximilianview, TN 51009','Ullam rerum eligendi minus et dolores veritatis hic voluptatem. Itaque enim eos sed rerum. Aut minima qui sapiente ipsam provident dignissimos. Rerum expedita numquam quis unde eos id.','Dolor enim voluptates molestiae harum quae. Quia dolorem eos libero molestiae. Sequi velit quas illo tenetur.','Molestias reprehenderit cum nihil animi corporis rerum ad. Ut et fugit deserunt omnis. Totam consequuntur numquam repellat voluptates. Cupiditate perferendis tenetur nihil cumque laboriosam.',_binary '\0'),(47,'dolorem','4','2',3062.8,'soluta','http://lorempixel.com/640/480/','03440 Coy Circles Suite 599\nPort Dena, GA 32541-8200','At quaerat quas nesciunt voluptatem voluptatibus aliquam. Ratione repudiandae dolore cumque natus alias consequatur vel. Amet quas cupiditate a iusto deleniti. Aspernatur voluptatem tenetur odit veritatis quas voluptatum.','Impedit officiis ea esse eveniet occaecati sint magnam sequi. Eius iusto reprehenderit iure in dignissimos. Et consequuntur a aperiam cum dolor quisquam. Doloremque eos beatae magni nostrum sit nam ex.','Ducimus qui iste quasi ipsum. Voluptatem culpa excepturi aperiam beatae placeat culpa. Enim est alias et est.',_binary ''),(48,'nobis','6','8',457.98,'quos','http://lorempixel.com/640/480/','859 Robel Ridge Suite 682\nNorth Parker, MO 79276','Consequatur rem reiciendis aliquam. Magni ab atque voluptas et. Voluptates cum dolorum vitae ea.','Consectetur magni tenetur quia et. Corrupti tempora nobis quas dolorem ipsam reiciendis officia.','Repudiandae inventore quibusdam cum sed illum est. Aliquam at quibusdam quos in iusto dolor praesentium rem. Tempora ullam voluptatem consequuntur.',_binary ''),(49,'culpa','1','7',64363200,'aspernatur','http://lorempixel.com/640/480/','94681 Salma Summit Suite 524\nJerdemouth, RI 19877-7986','Nostrum quidem eligendi rem quia nesciunt sed maxime. Aut itaque ut nobis maiores sit quia neque. Voluptas ea sapiente consequatur et.','Molestiae et quia sint velit. Voluptates est quia non dolore veritatis numquam. Inventore aperiam saepe sed consequuntur minima consectetur. Quisquam voluptatem dolores ratione nam eos id magnam optio.','Minus fugit sint incidunt inventore aperiam non. Necessitatibus qui sed magni ab. Et eaque voluptatem sed ratione sint. Et voluptatem vero voluptas nisi ut quia.',_binary ''),(50,'ipsum','6','6',37969.8,'laboriosam','http://lorempixel.com/640/480/','73353 Berenice Dale Apt. 773\nFridabury, OR 19658','Et et alias quaerat aut et qui et. Impedit est et ea mollitia qui dolor sit. Eum beatae quod iure facere excepturi. Beatae aut porro qui vero quibusdam.','Tenetur et consectetur et numquam eligendi. Qui consequatur distinctio nobis sed necessitatibus est quas voluptatum. Voluptas facilis sapiente similique velit dolorum tempora. Adipisci quo et ea porro voluptates omnis.','Quaerat aut tenetur voluptatem ut eos minima magni. Est qui laborum est praesentium doloremque fugit omnis. Fugit tenetur molestiae delectus deserunt inventore.',_binary '\0'),(51,'ut','4','2',32712.5,'culpa','http://lorempixel.com/640/480/','14574 Lacey Mill\nWest Bofurt, MT 67604-2732','Ducimus quia quas autem et culpa ea. Aliquam ducimus sunt id eos. Est quia ipsum ab dolores vel. Mollitia laborum ut similique ut.','Architecto et enim qui repellat rerum velit iure. Consequatur alias praesentium aliquam. Ipsa dolor unde dignissimos ut.','Molestiae dolores saepe impedit. Dolore ut illo placeat velit. Quasi numquam sapiente hic fuga error.',_binary '\0'),(52,'nobis','1','4',0.779,'molestias','http://lorempixel.com/640/480/','7988 Marley Keys\nNorth Terence, IN 42217','Dolorem nam tenetur ut consectetur recusandae repellendus. Voluptas aut mollitia sint et praesentium perferendis quo doloribus. Et dolores pariatur quia magnam. Eos occaecati minima eveniet velit ipsam.','Vel voluptatem adipisci ut officiis. Rerum id provident architecto temporibus. Et dolorum nostrum commodi minima. Quia facilis labore alias repudiandae eius.','Nemo veritatis corrupti qui rerum quia. Molestias quidem vel similique vel necessitatibus sint. Ex architecto exercitationem laborum aut qui.',_binary ''),(53,'velit','6','9',3026.75,'perspiciatis','http://lorempixel.com/640/480/','5583 Little Coves\nWest Dianna, WA 37420','Est odio dolorem pariatur rem saepe est. Corporis nihil incidunt molestiae. Sed doloremque quos est saepe veniam. Eos qui doloremque voluptatem doloremque dolorem officiis omnis.','Aperiam quisquam error velit vel qui similique. Perspiciatis omnis optio libero voluptas dolores. Tempore sint cumque quod reiciendis est deleniti. Blanditiis reiciendis in sunt itaque.','Voluptatibus hic et assumenda praesentium quisquam. Eligendi mollitia eum molestiae vitae qui. Quo quae consequatur amet et impedit.',_binary ''),(54,'quasi','4','8',53876,'quasi','http://lorempixel.com/640/480/','19698 Elta Plains Suite 919\nPort Clydebury, AK 71096','Accusamus soluta quo et. Magnam est expedita est nihil consequatur.','Reiciendis adipisci et sint temporibus nulla cupiditate. Ullam rerum excepturi iure tempore nesciunt consequatur facilis. Aspernatur et ut et. Laboriosam culpa quis voluptatem.','Porro sequi quod non velit repellat. Maxime autem non quia facere sit. Praesentium sunt qui distinctio placeat sit aperiam.',_binary ''),(55,'quos','1','4',52844000,'impedit','http://lorempixel.com/640/480/','959 Karina Point Apt. 708\nWest Darrylview, WY 95431','Voluptatum molestiae in repellat commodi. Fugit distinctio accusantium enim est. Error modi sint neque quo optio.','Ad et aut nisi ea. Officiis ratione officiis eum temporibus ipsa. Inventore porro quibusdam tempora vel non in.','Est eaque quaerat qui voluptates assumenda quo quo. Neque asperiores officia enim minus id eum. Officia soluta nobis culpa sed cumque voluptas recusandae nostrum.',_binary '\0'),(56,'est','3','7',39.5631,'itaque','http://lorempixel.com/640/480/','1970 Claudine Bridge\nPort Audiebury, NJ 51496','Itaque eligendi voluptas libero cupiditate. Voluptatem ut dolores labore ipsum optio. Ipsum dolorem nemo quia in doloremque voluptatibus atque omnis.','Ab rerum eos cum dolorem exercitationem fugiat sit. Mollitia quasi dignissimos quis sunt.','Asperiores amet distinctio sequi fugit est ratione suscipit. Consequatur doloribus qui occaecati at. Ut quia rem necessitatibus. Nulla laborum rerum aut sapiente placeat ab similique.',_binary '\0'),(57,'in','7','2',1077640,'consectetur','http://lorempixel.com/640/480/','0867 Matteo Viaduct\nKieranfort, MS 61820-3863','Deserunt unde iure ipsa qui odio quasi est asperiores. Fuga qui molestiae officia dolorem.','Accusantium non ex autem dolores tempora nobis. Qui voluptate saepe dolorum non ut animi. Asperiores rerum error error officia velit sequi possimus. Laudantium vero sed et adipisci blanditiis asperiores qui.','Placeat quo incidunt vitae aut. Id reiciendis voluptatem nihil ut perspiciatis officia ut. Nemo magnam quis repudiandae eligendi.',_binary '\0'),(58,'porro','5','6',20458.3,'cum','http://lorempixel.com/640/480/','07753 Paucek Lane Suite 087\nSchummmouth, MD 24406-9197','Libero molestias facere qui culpa soluta odit aut. Quam dolorem eveniet possimus. Est nobis repellendus impedit saepe nesciunt odio porro accusamus. Deleniti reprehenderit vel qui saepe ut ex labore.','Quos mollitia officiis molestias veniam dolores. Vero quia quas dolorem alias dolorem eaque facere. Eaque dolores est et molestiae vero. Voluptatem aspernatur officiis itaque laborum hic laudantium.','Nulla voluptatem recusandae ut iure. Et id odio mollitia. Aspernatur laudantium voluptates totam id. Ad earum assumenda excepturi qui.',_binary '\0'),(59,'asperiores','6','2',134948,'quis','http://lorempixel.com/640/480/','039 Ashley Manors Apt. 681\nDuBuqueport, WI 70009','Earum temporibus quod quisquam consequatur cum tenetur. Esse magni esse qui provident eius. Eum aut molestiae veniam nisi tempore ab nihil odio. Et eum ipsum sequi ducimus molestias molestiae qui nam.','Dolor minus illum molestiae. Voluptatem ipsam nemo dolore omnis. Sint et alias veritatis porro. Assumenda quia culpa non consequatur. Sed aut provident omnis ab.','Sint rerum accusamus sint aperiam dignissimos. Voluptates consequatur ut eum nulla sequi voluptatem iusto. Aut tempore tempore est quidem ut repellendus. Esse in consequuntur numquam. Aut laboriosam est fugiat.',_binary ''),(60,'minima','1','6',24.7573,'fugiat','http://lorempixel.com/640/480/','493 Kobe Crossroad Apt. 244\nWest Alexandria, SD 70125','Sed et aspernatur fuga et dolorem quis. Culpa aliquid voluptatum ullam. Voluptas sit odit laborum quaerat. Doloremque quisquam id in omnis. Dolor recusandae rerum ipsum.','Aut consequuntur eum possimus dicta labore. Vel repudiandae aut vel molestiae et quo error et. Dicta voluptas velit earum nobis distinctio voluptas aut. Beatae sapiente officiis et blanditiis aliquid vel. Molestiae quia quasi vel.','Inventore odio ut non porro reprehenderit exercitationem optio. Et repellendus cumque ab assumenda porro culpa. Qui qui ab eaque consequatur.',_binary '\0'),(61,'sed','6','9',513273,'eum','http://lorempixel.com/640/480/','741 Collins Crossroad\nGaylordville, MT 94812','Soluta voluptas id repudiandae qui. Voluptatum iure magni provident labore quo harum harum. Iure ut amet et ad ipsa. Ex est maxime deserunt consequatur esse ipsam dolores doloremque.','Et aut earum animi voluptate qui. Consequatur qui ut nulla provident repudiandae non sed. Expedita suscipit error ex molestiae numquam provident repellendus sunt. Velit officia delectus tempore voluptas eum ea. Vitae ut explicabo et dicta ad nihil.','Aut consequuntur quidem sit eos rerum ut. Sunt veniam numquam quis. Repellat impedit vero quae quis voluptatem velit. Temporibus mollitia et quia eveniet ut ducimus.',_binary ''),(62,'aliquid','3','7',0,'minus','http://lorempixel.com/640/480/','99119 Rossie Falls\nSouth Arthurborough, VT 97848-7476','Expedita explicabo dignissimos adipisci tempore minima dolorem nobis. Debitis assumenda modi nulla magnam id accusantium quia. Corporis ut voluptatum ea dolor non eum quas. Dolor ut velit consequatur eaque voluptatem.','Culpa aut soluta cum mollitia quibusdam sit et non. Tempore unde voluptates eveniet sint asperiores atque. Illum ipsa incidunt earum sed.','Doloremque odit accusamus eos et. Quis fugit impedit vel amet necessitatibus quisquam. Corrupti excepturi et ut impedit nihil accusantium.',_binary '\0'),(63,'unde','2','4',5755.6,'voluptatem','http://lorempixel.com/640/480/','616 Dandre Trace\nNorth Reginaldborough, NE 62556-8666','Consequatur laudantium veritatis impedit. Est fugit eum assumenda voluptatum et tenetur corrupti. Et ut ad ipsa illum et sit quis.','Expedita quod voluptatum enim voluptatem exercitationem at. Eum quisquam nam sunt velit. Unde saepe non aut quis perspiciatis a. Qui dolorem distinctio sunt. Dolores iure eum impedit asperiores repellendus mollitia laboriosam sed.','In tempora accusantium quas. Quidem est eaque quisquam minima molestias odit. Enim quibusdam sapiente debitis ut.',_binary '\0'),(64,'ut','2','2',18598600,'laborum','http://lorempixel.com/640/480/','6711 Hayes Plaza\nLake Wavaborough, NH 64943','Nesciunt qui est cupiditate. Tenetur suscipit maxime amet quas rerum. Esse ut dolores aut facilis doloribus sed nobis. Voluptas qui sapiente tempore ut odio aliquam id perferendis.','Ut eos ratione quo architecto voluptatem culpa vero. Totam eos deleniti enim ut itaque sunt. Perspiciatis libero voluptas velit ipsam voluptas aut. Velit sed ipsam consequatur fugiat voluptatem.','Optio et maxime aut temporibus corporis. Omnis officiis expedita qui in optio ut vel iure. Incidunt consequatur enim quos ut voluptatum.',_binary ''),(65,'et','9','7',221022000,'aliquid','http://lorempixel.com/640/480/','0863 Towne Streets\nRomaborough, WV 05881-6051','Magni et repellat nihil. Quos soluta ut quia sunt in reiciendis est. Cupiditate placeat et aspernatur consequuntur.','Ad architecto facilis quas. Atque cupiditate ut et odit dolor magni.','Nihil cupiditate aperiam qui iste aliquam cupiditate porro. Dolores id molestiae vero accusantium amet voluptatem expedita. Earum consequatur sed aut quia sit sit dolorem.',_binary ''),(66,'ea','5','5',5031960,'illo','http://lorempixel.com/640/480/','360 Hegmann Hills Suite 150\nCristalmouth, NE 32149-5664','In sit amet laboriosam officiis voluptas in. Necessitatibus quaerat ad perferendis at ipsum nam ipsum. At perspiciatis illo molestias itaque laborum.','Aut iusto eum enim beatae sint natus. Id nobis veniam dicta possimus eligendi nihil. Est rerum nisi doloremque sint architecto magnam. Fuga ut dolores velit minima.','Totam voluptatem quia animi iste. Quae similique aut vel alias rerum.',_binary '\0'),(67,'et','7','3',19.7821,'necessitatibus','http://lorempixel.com/640/480/','47338 Marquardt Overpass\nSwaniawskishire, MS 01672','Dolor quo ab vero aut. Ut error ab pariatur amet. Debitis asperiores similique excepturi voluptate aliquam. Molestias earum iusto repellat dicta.','Quas culpa in sit qui. Ratione doloremque unde eveniet deserunt deserunt. Quia at et est quasi est fugit.','Consectetur qui possimus molestiae atque perspiciatis. Laborum quas sequi nam cumque maxime eligendi consequatur. Id beatae quisquam sed doloribus saepe et fugit. Aperiam officiis omnis laudantium tempora quis inventore voluptatem.',_binary ''),(68,'odio','3','7',757518000,'dolores','http://lorempixel.com/640/480/','3700 Kelly Mills Suite 804\nMoenstad, NY 96737-4313','Cumque rerum quae dolorum necessitatibus quam alias. Distinctio perspiciatis ut dolor quaerat nihil. Eum reprehenderit a ratione dignissimos at fugiat. Eos ex voluptatum blanditiis suscipit iusto ut rerum.','Eveniet sunt optio ad ipsam et dolore rem. Voluptas qui aut voluptatem ducimus et. Odio quia aut incidunt sit.','Omnis unde quia officia vero accusamus nam sed impedit. Nihil molestiae quaerat officia labore quia aut dolorum.',_binary ''),(69,'totam','1','5',0,'enim','http://lorempixel.com/640/480/','734 Casper Cape Apt. 353\nSatterfieldhaven, AZ 29015-3433','Libero dignissimos autem harum. Qui error ducimus sint illum. Et repellendus placeat est. Eos facere excepturi harum numquam.','Consequuntur eius quas et aut consequatur quibusdam occaecati dolores. Velit laudantium labore a dicta.','Consectetur impedit dolorum harum ullam quidem corrupti quo modi. Ad veritatis repudiandae dolores neque dolor et voluptas. Enim hic rem nisi delectus sed ut.',_binary '\0'),(70,'alias','8','3',400901,'commodi','http://lorempixel.com/640/480/','7034 Lula Light Apt. 383\nCassinburgh, WV 70825-8095','Consequatur velit eaque reprehenderit cupiditate et libero. Doloremque id quas voluptas illo. Laborum non magni rerum et error exercitationem. Perferendis nulla incidunt et dolore sunt mollitia corporis ullam.','Eum amet sit sapiente alias nisi. Assumenda aspernatur possimus quasi. Qui minus iste aliquam id.','Excepturi nemo debitis ratione distinctio. Magni ipsa natus natus incidunt. Beatae voluptates inventore quisquam saepe est sint voluptatibus. Qui ipsa voluptatem nemo dolorum voluptatibus eius.',_binary '\0'),(71,'explicabo','2','1',3.1357,'eius','http://lorempixel.com/640/480/','775 Little Vista\nNorth Verda, OR 73973','Fugit quisquam dolor aspernatur sunt et neque exercitationem. Voluptatum nobis magni ex qui. Consequuntur corporis fugit labore. Incidunt facere aliquam distinctio qui atque rerum.','Aperiam perferendis esse sunt et nulla qui deserunt. Illum enim asperiores quibusdam dolorum suscipit sapiente ut est. Labore nesciunt in voluptatem expedita porro dolorem.','Aut sit nulla qui officiis et quasi. Facere quo quo dolore. Porro harum nisi eius beatae est et. Omnis soluta atque laboriosam porro.',_binary '\0'),(72,'aut','6','6',371.337,'nesciunt','http://lorempixel.com/640/480/','69169 Feest Stravenue Suite 107\nPalmafurt, CA 16658','Ipsum inventore sed dignissimos voluptatibus eos. Voluptas ipsam id unde et similique nam. Sapiente veniam hic aliquam similique quas id eaque. Id rerum possimus ratione error.','Ex cum saepe aperiam in totam quis ducimus. Sit dolores eum inventore delectus non.','Vero voluptatem aut occaecati iusto beatae qui. Officia quibusdam placeat sint perferendis natus voluptates quasi. Deleniti vero qui voluptates incidunt consectetur.',_binary ''),(73,'labore','7','9',3301530,'repellendus','http://lorempixel.com/640/480/','4067 Major Trafficway\nNew Jakayla, NE 55336','Aut corrupti eveniet at aliquam illum recusandae magnam. Animi earum ut et sit voluptate aut.','Accusamus dolor blanditiis sunt. Est illo voluptatem omnis consectetur culpa omnis quia. Ab ut amet voluptates. Dignissimos porro ratione eos aliquam esse dolor repellendus.','Modi velit eos consequatur. Ex nemo minima eum et dolor laudantium. Cum vitae non voluptas est rerum quis.',_binary ''),(74,'incidunt','3','1',36879000,'assumenda','http://lorempixel.com/640/480/','215 Jailyn Shore Apt. 517\nTurcotteport, NJ 03546','Numquam architecto provident eum dignissimos voluptatibus unde quia ipsa. Voluptatem qui reiciendis totam id in dolores. Quo voluptatem dolores doloribus voluptates eligendi voluptas aspernatur. Consequatur accusamus quo veniam nisi cupiditate.','Est molestiae doloremque nulla perferendis. Nobis culpa ad itaque ut et aliquid itaque et. Assumenda consectetur nihil aut dicta.','Aut consequatur et cumque. Nisi voluptates qui sint quo. Sunt voluptates alias cupiditate commodi ut inventore. Qui autem sed consectetur provident accusamus mollitia debitis autem.',_binary '\0'),(75,'dolorum','4','6',12.399,'non','http://lorempixel.com/640/480/','2919 Rosetta Trace\nEast Leila, KY 57880','Aut voluptas dolores architecto cumque. Ut quasi velit qui et incidunt quisquam ducimus. Quia error quia quo est animi nihil consequatur voluptates.','Sapiente reiciendis repellendus eos pariatur fuga molestiae iure. Debitis enim voluptatem quas nihil sed et. Non quas ipsa sit rerum sint. Officia ducimus porro placeat. Nostrum rerum enim dolore.','Quis ut hic sit maiores delectus sint. Maiores est et molestias facilis nulla. Veniam enim autem aspernatur deleniti tempore. Voluptatem est sequi nam nihil. Fugiat harum architecto eum officia.',_binary '\0'),(76,'velit','3','2',466154,'autem','http://lorempixel.com/640/480/','11480 Retta Divide Apt. 589\nHeathcotemouth, AZ 64721','Itaque excepturi aliquid nesciunt dolorum enim nulla reiciendis dignissimos. Asperiores debitis animi et repudiandae beatae ex accusamus. Tempore eius dolores iusto voluptas animi porro qui ut. Repellendus at impedit qui tenetur voluptas ipsum.','Aspernatur sint consectetur architecto aspernatur eveniet sapiente. Et rerum doloremque doloremque laboriosam et vero quae. Aperiam ut quo quia nihil libero architecto est. Voluptas aut repellendus non occaecati sed ex.','Dolorem eligendi in placeat eos similique nesciunt aliquid beatae. Est architecto fugit quo ex. Reprehenderit tempore voluptatem consequuntur et.',_binary '\0'),(77,'a','7','8',44477.8,'cupiditate','http://lorempixel.com/640/480/','9134 Legros Valleys\nNew Opheliaview, NY 52991-7923','Ea sit ullam eum voluptas. Sequi voluptatem dolor quibusdam. Veritatis sit eius magni aspernatur. Tempore sed necessitatibus adipisci quae enim blanditiis officia.','Omnis aspernatur reprehenderit sit repellendus aut id minima. Harum non dolore et ea. Atque soluta qui quia. Officiis delectus velit minima.','Ut unde repellendus soluta qui. Laudantium odit maxime et pariatur nulla reiciendis. Ad sint veritatis temporibus. Numquam et eos neque molestiae nesciunt qui.',_binary '\0'),(78,'ut','5','5',500159,'eaque','http://lorempixel.com/640/480/','34612 Julia Shores Apt. 166\nNorth Irwin, MI 02076','Aut magni et repellat iste beatae tempora est. Consequatur fuga dolor nihil eaque. Recusandae at quae consequuntur qui. Temporibus repellat et labore nihil perspiciatis.','Voluptas et facere et enim magnam provident. Sed similique magnam error quo ea.','Aut vero dolor tempora laborum nemo eum tenetur. Qui et omnis accusamus. Quia molestiae beatae consequatur. Exercitationem voluptatem quod voluptatum dolor ut sed.',_binary ''),(79,'asperiores','4','9',9631.37,'expedita','http://lorempixel.com/640/480/','300 Walsh Island Apt. 375\nWest Raymond, AR 27462-4691','Et ex est eum eos dicta neque atque nobis. Aliquid impedit sunt tenetur a. Voluptatum provident accusantium incidunt repellendus. Omnis alias sit officia sequi.','Molestias cupiditate maxime voluptate assumenda sed praesentium placeat repudiandae. Dolor cum molestias et distinctio tempore quo. Eum ad aliquid qui.','Hic dolores ducimus eaque ab omnis quo quae. Voluptatem asperiores voluptas non exercitationem et sunt. Praesentium nisi quia repellendus voluptas saepe commodi est.',_binary ''),(80,'quia','7','2',107.85,'aperiam','http://lorempixel.com/640/480/','48827 Dickens Orchard Apt. 680\nPort Shanelle, PA 12296','Accusantium ex ea aut consequuntur ex facilis. Est esse cupiditate consectetur nisi in et. Enim voluptatem nihil fugiat. Ipsum est laudantium laborum.','Autem facilis nulla aliquam quia. Expedita rerum nihil ullam. Dolores a sapiente sint neque quam. Similique incidunt atque numquam ea.','Quia recusandae illo ut illum qui magnam consequuntur. Fuga doloribus natus fuga qui nulla. Reiciendis aut voluptatibus aut.',_binary '\0'),(81,'molestiae','9','6',1400,'voluptatibus','http://lorempixel.com/640/480/','20079 Betsy Shores\nGabriellahaven, CA 91444-8294','Qui impedit magni repellendus alias. Omnis atque error corrupti est officiis. Quae nulla sit vero voluptatum tempore.','Natus nostrum rerum voluptas et et reiciendis voluptas. Labore qui perspiciatis similique et soluta voluptas rem. Numquam aut commodi consectetur atque voluptatem. At eos labore commodi quia omnis.','Velit id quia illum voluptas corrupti iste voluptate. Dolores sed et voluptas consequatur est natus voluptas. Nulla id cupiditate repellat non quia velit et. Doloremque earum dolorem velit et enim ipsum ab.',_binary ''),(82,'molestias','7','2',49.1913,'exercitationem','http://lorempixel.com/640/480/','80174 Monahan Vista Apt. 899\nWest Austenbury, RI 72489','A rerum iusto explicabo laudantium quia placeat quas aspernatur. At ut quos praesentium consequuntur tempora cupiditate. Modi maxime vel commodi dolorem. Dolore et officiis assumenda molestiae facilis.','Corporis vel pariatur rerum libero maiores officiis. Molestias excepturi non qui quo similique qui maiores. Quis inventore rerum voluptatem quos libero iste et. Est atque culpa et.','Soluta et qui est aut. Ut odit distinctio repellendus dolore omnis labore aut.',_binary ''),(83,'expedita','2','6',584356,'recusandae','http://lorempixel.com/640/480/','5999 Forest Stream\nNorth Alainachester, RI 58501-3441','Laborum explicabo expedita rerum tempore. Aliquam illum et culpa et. Et recusandae voluptatem ratione minima esse sapiente voluptatem. Sunt et ut harum rerum id blanditiis.','Velit ut distinctio quis maxime exercitationem qui in. Eum dolores earum qui perspiciatis esse.','Ad modi consequatur deserunt fugiat reprehenderit ea. Illum sit eveniet consequuntur non iste placeat. Est dolorem cupiditate tempora maiores qui qui.',_binary ''),(84,'velit','5','5',1917860,'quisquam','http://lorempixel.com/640/480/','92054 Oleta Points\nLake Lavada, SC 04936','Eligendi eum fugit nesciunt animi ea ipsum. Eum in rem ea reprehenderit ex quia iste. Dolores qui beatae dolores vel. Aliquid deserunt repellendus quis est cupiditate ipsam laudantium.','Corrupti autem vel atque eum natus consequatur. Officiis qui officia accusantium voluptatem. Quis veritatis aspernatur quia architecto voluptatem quos enim. Mollitia eum est reprehenderit ea vitae voluptas maiores.','Et assumenda est modi accusamus ut totam in et. Quis in et totam sed aut voluptatem. Fugiat aut ab omnis voluptatibus deleniti.',_binary '\0'),(85,'qui','8','7',615008,'debitis','http://lorempixel.com/640/480/','7053 Lawson Field Apt. 947\nLake Lelia, CT 84121','Sunt minus minus atque temporibus. Enim nisi rerum eos. Est architecto expedita voluptatibus porro voluptatibus enim aliquam. Ipsa tempora laudantium veritatis fuga.','Nostrum ex est incidunt quod. Voluptatem ut repellendus earum. Dolor pariatur omnis quo officiis aspernatur perferendis corrupti.','Numquam sint eveniet adipisci. Repudiandae voluptatem omnis veniam iste fuga totam porro. Doloribus amet voluptatem qui. Molestiae numquam et quod aspernatur ullam velit voluptatibus.',_binary '\0'),(86,'ipsum','7','7',161143000,'ullam','http://lorempixel.com/640/480/','97015 Koepp Tunnel Apt. 095\nPfannerstillmouth, SC 19618-0244','Laboriosam est aut laboriosam ipsa ratione. Vel quasi neque quo enim voluptatibus autem.','Tempora consequuntur assumenda sed delectus quaerat non quos. Ut et id mollitia reiciendis qui fugit ut. Est rerum cum vero adipisci voluptatem debitis. Blanditiis ut voluptatibus natus qui nihil iste omnis.','Illum asperiores perferendis deleniti mollitia rerum distinctio. Corporis velit minima nihil voluptatem. Officia consequuntur libero adipisci consectetur iusto et. Quibusdam velit in alias mollitia non quidem praesentium laborum.',_binary ''),(87,'alias','1','7',4556.7,'sunt','http://lorempixel.com/640/480/','921 Kuhlman Grove Suite 698\nEast Hobart, AZ 21165-0077','Doloremque voluptate expedita itaque ut cum soluta. Excepturi possimus illum et. Doloribus quis quos provident assumenda. Rerum nobis consequatur neque voluptas autem.','Eius placeat tenetur at aliquid sit illum. Doloribus sequi iure illo tenetur placeat qui.','Commodi dolor aut id voluptates impedit repellat id. Nemo repudiandae doloribus tenetur aut qui velit. Vitae excepturi alias ut et similique.',_binary ''),(88,'temporibus','9','4',30559.3,'numquam','http://lorempixel.com/640/480/','66755 Melody Hill Suite 711\nLake Brenda, GA 62761','Eum adipisci autem sit dolorem accusantium aut sequi ducimus. Et dolore ut ea ex rerum. Praesentium sunt beatae et facere.','Dolor doloremque commodi in odit deserunt dolores voluptatem. Quo delectus perspiciatis corrupti excepturi quo.','Et commodi repellendus mollitia. Quibusdam omnis reprehenderit sequi accusamus iure porro quibusdam. Sint qui est ea itaque consectetur.',_binary '\0'),(89,'animi','1','2',2.86958,'explicabo','http://lorempixel.com/640/480/','275 Perry Land\nBlanchefort, VA 60222-7281','Minus occaecati consequuntur facere dolorum perferendis molestiae. Laudantium numquam molestias laborum qui aut. Tempora aut voluptate tempora aut. Unde quis ut itaque ea asperiores assumenda.','Vitae laudantium vel ex fugit. Culpa voluptatibus sequi quasi ea ea aut voluptas cumque. Vel et aut ut excepturi quisquam aut. Et odio nemo explicabo aut.','Eligendi velit est animi. Quam distinctio ut dolores recusandae quidem reprehenderit. Ut quod commodi accusamus ullam.',_binary ''),(90,'id','7','3',54.6352,'voluptates','http://lorempixel.com/640/480/','588 Crist Light Suite 560\nWest Viviane, AR 54380-4574','Eaque eos tempore autem temporibus libero accusamus est rerum. Dolore voluptatem tempore qui a. Optio delectus voluptatum autem perspiciatis. Quia quas omnis eos magni.','Numquam quia aut atque nesciunt quas ut. Facilis cupiditate id minima laborum maiores. Iusto qui quo nesciunt enim ut rerum sed. Voluptas at suscipit nobis odio nulla ducimus sint ab. Non reiciendis sint ea sequi dolorem est dignissimos.','Et quia qui excepturi delectus. Exercitationem autem eos facere dicta vitae eveniet. Atque soluta earum mollitia fugit est.',_binary '\0'),(91,'cum','7','4',41013.8,'rerum','http://lorempixel.com/640/480/','986 Mosciski Cove\nOkunevaside, LA 27309-1922','Beatae sunt molestiae quia nobis quia. Ullam voluptatibus in voluptatem eligendi est. Eos rem ut cum. Possimus fuga dolorem dolorum error veniam laboriosam dicta.','Earum repudiandae aperiam dicta exercitationem odit. Maxime repudiandae maiores molestiae fuga quod et. Repudiandae omnis consectetur ut eius voluptate. Consequuntur voluptatum est in illo nihil enim eveniet. Quia molestias porro molestiae commodi.','Assumenda minima corporis accusamus consectetur. Sint aut minus autem non alias rem velit. Consequatur qui earum tempore magnam voluptatem. Sint inventore iste dignissimos incidunt et amet occaecati architecto.',_binary '\0'),(92,'saepe','8','1',31940.3,'officiis','http://lorempixel.com/640/480/','2637 Marvin Junction Apt. 254\nGerdamouth, OK 47434-8450','Et reprehenderit blanditiis dolorem voluptas magni. Vel rem corporis doloremque debitis rem voluptatem vel fuga.','Ad minima commodi quibusdam et cupiditate repudiandae qui. Excepturi nostrum et ex perferendis error et. Animi quo et consectetur saepe. Repellat ratione assumenda qui.','Et non cumque quisquam culpa aut pariatur et. Nihil facere et sapiente voluptas veritatis aspernatur. Cum qui ducimus quo. Quaerat quo incidunt incidunt aut ratione assumenda.',_binary '\0'),(93,'eum','1','1',44,'quia','http://lorempixel.com/640/480/','9539 Pamela Wells\nProhaskastad, AK 23423-2976','Et maxime esse quam iste incidunt consequuntur odio. Rem ullam inventore excepturi ut. Libero et laboriosam fuga.','Id sint quam saepe architecto velit harum exercitationem. Consequuntur molestiae suscipit neque. Asperiores ut vel debitis eaque fuga. Nobis dolores qui commodi perspiciatis.','Nobis qui quaerat quia enim recusandae. Placeat laudantium mollitia ea voluptate sequi aut. Quia architecto optio distinctio quia quia perferendis et deleniti. Et aut necessitatibus facere ut placeat voluptates.',_binary ''),(94,'nisi','4','4',0,'inventore','http://lorempixel.com/640/480/','9261 Carlie View Apt. 050\nErickafurt, HI 19865-0935','Amet qui reprehenderit est vero culpa qui provident. Veritatis laboriosam reiciendis numquam nobis pariatur earum maxime. Qui nihil aspernatur laudantium facere qui. Saepe amet voluptas accusamus voluptatibus incidunt officia sed.','Illum accusantium nihil dolorem non. Perferendis qui optio qui et voluptas eos explicabo. Dignissimos quidem consequatur blanditiis aut quos enim excepturi.','Sit reprehenderit laboriosam aut sint accusantium rerum suscipit. Alias corrupti aut itaque molestias. Blanditiis dicta quo ea dicta nam.',_binary ''),(95,'ut','7','9',0,'eligendi','http://lorempixel.com/640/480/','4657 Julius Inlet\nNew Haroldport, CA 48142','Libero velit dolorem rerum odio harum est atque. Earum omnis nobis et rerum qui voluptatibus sed. Qui consequatur ipsa dolores vero nisi sapiente nostrum.','Asperiores quia totam voluptate voluptas. Porro ut quo ut quo similique eum commodi rem.','Fuga tempora quo aut pariatur officiis eum. Cumque aut cumque omnis quia voluptas.',_binary '\0'),(96,'voluptas','4','2',9.74,'omnis','http://lorempixel.com/640/480/','28397 Ibrahim Points\nNorth Cordia, NJ 58621','Deserunt nemo voluptas iusto culpa unde veniam deserunt. Illum maiores dolorem corporis incidunt ea cupiditate consequatur voluptas. Rerum mollitia enim eligendi sunt eius earum. Voluptates quas delectus labore laboriosam sit voluptatem.','Eligendi laboriosam possimus voluptatem est. Et officia aut voluptatem sit exercitationem. Quia culpa eligendi voluptates numquam perspiciatis alias dolorum.','Voluptatem ratione sed error itaque qui. Reiciendis doloremque magnam sed. Dolorem ea et inventore ea sed rerum.',_binary ''),(97,'quisquam','5','6',94536.7,'odio','http://lorempixel.com/640/480/','073 Francis Street\nWest Modesto, WY 41118','Consequuntur deleniti exercitationem dolor est facere quo. Fugiat voluptates dicta rerum maxime. Quasi a voluptatem dolorum aliquam dolore ex. Voluptates quia fugiat omnis dolorem voluptatum.','Aut consequatur eum asperiores fugit pariatur ex voluptates. Ea dignissimos ut similique non nihil possimus nesciunt sit. Dolores aut id explicabo consectetur praesentium qui deserunt.','Eveniet est cupiditate consequatur sapiente eius vero animi eveniet. Debitis deserunt nisi veritatis aut sed facilis fugiat eum. Sed corrupti temporibus sed excepturi excepturi aperiam error assumenda. Corrupti asperiores numquam asperiores maiores.',_binary ''),(98,'illo','4','7',78907300,'ipsam','http://lorempixel.com/640/480/','3005 Jarod Forks Apt. 596\nNorth Immanuel, DC 85543-8040','Omnis asperiores assumenda omnis ut. Nisi officia sit dolorem nemo aliquid incidunt. Autem ut omnis quisquam similique modi iusto aut dolor. Ducimus aliquid qui cumque consectetur aut.','Ea nihil eum dolorum aut voluptas sed. Magni alias qui dicta sed molestias hic rerum. Magnam quo rem sed nam ex at. Laborum nam amet numquam quia explicabo esse repellendus.','Ut voluptates sit velit rerum laudantium autem reprehenderit. Maiores neque sunt ut ducimus fugit laborum deserunt. Autem quaerat consequuntur corrupti est expedita dolor. Aliquid earum perferendis illum fuga.',_binary ''),(99,'a','5','9',0,'dolor','http://lorempixel.com/640/480/','1966 Cara Ville Apt. 270\nWest Austinburgh, SD 71497','Odio quas ratione qui sit enim ratione veniam. Illum voluptate non a quae officia eius tempore. Qui nobis repudiandae veritatis quis possimus non. Sed ducimus praesentium sunt ut eaque id.','Sint harum eius a corrupti quasi voluptas. Non voluptatem animi dolores aperiam hic maxime asperiores. Non consequatur tempora similique iste ab.','Ea id quaerat pariatur dolor asperiores suscipit voluptatem. Perferendis distinctio cupiditate quia rem minima. Aspernatur sequi veritatis et maiores inventore aperiam in. Dolores excepturi aliquid dolores cumque natus sit.',_binary ''),(100,'inventore','1','7',0,'porro','http://lorempixel.com/640/480/','48124 Jeff Valley\nKamrynton, SC 31700','Ut est id sint aut sint id. Qui non quos blanditiis. Dolorem necessitatibus iure enim.','Totam et sed ut et tempora. Eum molestias exercitationem ipsum esse quia sequi. Doloremque molestias repellendus perferendis omnis id et ea. Distinctio provident et maiores et iusto magnam.','Sint hic nihil iste itaque saepe. Omnis et voluptates commodi. Voluptas accusamus qui dolores libero qui dolor. Quibusdam minus rerum minus necessitatibus numquam omnis.',_binary '\0');
/*!40000 ALTER TABLE `serviceitem` ENABLE KEYS */;
UNLOCK TABLES;
/*!40103 SET TIME_ZONE=@OLD_TIME_ZONE */;

/*!40101 SET SQL_MODE=@OLD_SQL_MODE */;
/*!40014 SET FOREIGN_KEY_CHECKS=@OLD_FOREIGN_KEY_CHECKS */;
/*!40014 SET UNIQUE_CHECKS=@OLD_UNIQUE_CHECKS */;
/*!40101 SET CHARACTER_SET_CLIENT=@OLD_CHARACTER_SET_CLIENT */;
/*!40101 SET CHARACTER_SET_RESULTS=@OLD_CHARACTER_SET_RESULTS */;
/*!40101 SET COLLATION_CONNECTION=@OLD_COLLATION_CONNECTION */;
/*!40111 SET SQL_NOTES=@OLD_SQL_NOTES */;

-- Dump completed on 2019-03-21 10:11:19
